"tcga_participant_barcode","gene","expression_log2","z.score","cohort","sample_type","protocol","geneID"
"TCGA-E9-A2JT","MTOR",10.8816383149,0.471941282033,"BRCA","TP","RSEM",2475
"TCGA-BH-A0W4","MTOR",11.1665722277,1.23346628956,"BRCA","TP","RSEM",2475
"TCGA-BH-A0B5","MTOR",10.7449549818,0.156693047902,"BRCA","TP","RSEM",2475
"TCGA-BH-A0B5","MTOR",10.8894130031,0.490786505614,"BRCA","NT","RSEM",2475
"TCGA-AC-A3TN","MTOR",9.82497719164,-1.33899915489,"BRCA","TP","RSEM",2475
"TCGA-BH-A0B3","MTOR",10.6714231519,-0.000943361776552,"BRCA","TP","RSEM",2475
"TCGA-BH-A0B3","MTOR",10.6500374108,-0.0453017661813,"BRCA","NT","RSEM",2475
"TCGA-A7-A0CD","MTOR",10.5690934363,-0.207365919812,"BRCA","TP","RSEM",2475
"TCGA-AN-A0G0","MTOR",10.9667354284,0.683842648694,"BRCA","TP","RSEM",2475
"TCGA-E2-A10E","MTOR",10.0478949615,-1.0588495674,"BRCA","TP","RSEM",2475
"TCGA-OL-A66K","MTOR",9.91233654644,-1.23433799445,"BRCA","TP","RSEM",2475
"TCGA-E2-A14N","MTOR",10.0662847216,-1.03374731108,"BRCA","TP","RSEM",2475
"TCGA-5T-A9QA","MTOR",9.81980499421,-1.34499924427,"BRCA","TP","RSEM",2475
"TCGA-E2-A14V","MTOR",10.3233392169,-0.64720968201,"BRCA","TP","RSEM",2475
"TCGA-AC-A23H","MTOR",11.1380564679,1.15030500268,"BRCA","TP","RSEM",2475
"TCGA-AC-A23H","MTOR",10.811039792,0.305385241038,"BRCA","NT","RSEM",2475
"TCGA-BH-A18J","MTOR",10.950055715,0.641317599798,"BRCA","TP","RSEM",2475
"TCGA-BH-A18J","MTOR",11.046727662,0.894757833499,"BRCA","NT","RSEM",2475
"TCGA-A8-A06Z","MTOR",11.3157422025,1.69632496683,"BRCA","TP","RSEM",2475
"TCGA-A8-A06T","MTOR",10.8084063698,0.299328772,"BRCA","TP","RSEM",2475
"TCGA-S3-AA10","MTOR",10.718738606,0.0995669620058,"BRCA","TP","RSEM",2475
"TCGA-E9-A1N3","MTOR",11.3208603873,1.71307101869,"BRCA","TP","RSEM",2475
"TCGA-LL-A6FP","MTOR",9.07588155046,-2.01807104099,"BRCA","TP","RSEM",2475
"TCGA-LL-A6FQ","MTOR",9.30942974119,-1.8427783715,"BRCA","TP","RSEM",2475
"TCGA-E9-A3HO","MTOR",10.1423590601,-0.92643723106,"BRCA","TP","RSEM",2475
"TCGA-A2-A0EY","MTOR",10.3255362903,-0.643600090053,"BRCA","TP","RSEM",2475
"TCGA-A2-A0ET","MTOR",10.2564272586,-0.754547859438,"BRCA","TP","RSEM",2475
"TCGA-A2-A0ES","MTOR",10.7306962464,0.125494209813,"BRCA","TP","RSEM",2475
"TCGA-A2-A0EN","MTOR",10.0117010861,-1.1073297868,"BRCA","TP","RSEM",2475
"TCGA-A2-A0EM","MTOR",10.810418762,0.30395597054,"BRCA","TP","RSEM",2475
"TCGA-A2-A3KD","MTOR",11.0238607845,0.833266483401,"BRCA","TP","RSEM",2475
"TCGA-BH-A0DX","MTOR",10.9334787343,0.59953879573,"BRCA","TP","RSEM",2475
"TCGA-EW-A1PA","MTOR",11.2071119002,1.35455888489,"BRCA","TP","RSEM",2475
"TCGA-BH-A0DZ","MTOR",9.3740815898,-1.78902397389,"BRCA","TP","RSEM",2475
"TCGA-BH-A0DZ","MTOR",10.520155451,-0.301027871452,"BRCA","NT","RSEM",2475
"TCGA-D8-A1JH","MTOR",11.0689253609,0.955389255202,"BRCA","TP","RSEM",2475
"TCGA-BH-A0DT","MTOR",10.8596921698,0.419290262029,"BRCA","TP","RSEM",2475
"TCGA-BH-A0DT","MTOR",10.9960152561,0.759691216887,"BRCA","NT","RSEM",2475
"TCGA-BH-A0DV","MTOR",10.7769522763,0.227837334551,"BRCA","TP","RSEM",2475
"TCGA-BH-A0DV","MTOR",11.2027944966,1.3415002474,"BRCA","NT","RSEM",2475
"TCGA-BH-A0DP","MTOR",10.4288653416,-0.467478732039,"BRCA","TP","RSEM",2475
"TCGA-BH-A0DP","MTOR",11.2017292944,1.33828438878,"BRCA","NT","RSEM",2475
"TCGA-BH-A0DQ","MTOR",10.4887052909,-0.359564557862,"BRCA","TP","RSEM",2475
"TCGA-BH-A0DQ","MTOR",10.9445964798,0.627505693133,"BRCA","NT","RSEM",2475
"TCGA-A8-A091","MTOR",10.9958415445,0.759236667462,"BRCA","TP","RSEM",2475
"TCGA-A8-A092","MTOR",10.7090931202,0.0788090816941,"BRCA","TP","RSEM",2475
"TCGA-A8-A096","MTOR",10.8894809197,0.490951577853,"BRCA","TP","RSEM",2475
"TCGA-A8-A06P","MTOR",10.9957456728,0.758985824204,"BRCA","TP","RSEM",2475
"TCGA-A8-A06O","MTOR",11.2096472148,1.36224555782,"BRCA","TP","RSEM",2475
"TCGA-BH-A1FD","MTOR",10.2535020712,-0.759127736036,"BRCA","TP","RSEM",2475
"TCGA-BH-A1FD","MTOR",10.6587658675,-0.0272765431086,"BRCA","NT","RSEM",2475
"TCGA-UU-A93S","MTOR",10.6702334687,-0.0034283182308,"BRCA","TP","RSEM",2475
"TCGA-E2-A2P5","MTOR",10.0676030911,-1.03193539833,"BRCA","TP","RSEM",2475
"TCGA-EW-A3E8","MTOR",10.4120676211,-0.496975459065,"BRCA","TP","RSEM",2475
"TCGA-B6-A0I2","MTOR",9.97970470382,-1.14918641328,"BRCA","TP","RSEM",2475
"TCGA-D8-A1JK","MTOR",10.5774783018,-0.190996964673,"BRCA","TP","RSEM",2475
"TCGA-EW-A1IZ","MTOR",10.1633558243,-0.895809213884,"BRCA","TP","RSEM",2475
"TCGA-AC-A2FO","MTOR",10.6740374836,0.00452454061998,"BRCA","TP","RSEM",2475
"TCGA-B6-A0IE","MTOR",10.4623330451,-0.407675814006,"BRCA","TP","RSEM",2475
"TCGA-AC-A2FE","MTOR",9.96321515547,-1.17039773391,"BRCA","TP","RSEM",2475
"TCGA-OL-A5RV","MTOR",10.8863246324,0.483288381039,"BRCA","TP","RSEM",2475
"TCGA-BH-A0E9","MTOR",10.7985690846,0.276802049294,"BRCA","TP","RSEM",2475
"TCGA-E9-A1N6","MTOR",10.6153041893,-0.11595896957,"BRCA","TP","RSEM",2475
"TCGA-E9-A1N6","MTOR",10.7584044565,0.186405126729,"BRCA","NT","RSEM",2475
"TCGA-EW-A1P4","MTOR",11.2126159665,1.37126353005,"BRCA","TP","RSEM",2475
"TCGA-EW-A1P3","MTOR",10.5453756485,-0.253155997782,"BRCA","TP","RSEM",2475
"TCGA-EW-A1OV","MTOR",10.1458193234,-0.921420365913,"BRCA","TP","RSEM",2475
"TCGA-E2-A15F","MTOR",11.042783851,0.884082853935,"BRCA","TP","RSEM",2475
"TCGA-S3-AA15","MTOR",10.5699017359,-0.205792095573,"BRCA","TP","RSEM",2475
"TCGA-E2-A15P","MTOR",11.2012571505,1.33685973957,"BRCA","TP","RSEM",2475
"TCGA-GI-A2C9","MTOR",10.4864631906,-0.36368914563,"BRCA","TP","RSEM",2475
"TCGA-GI-A2C9","MTOR",10.5364465561,-0.270200584539,"BRCA","NT","RSEM",2475
"TCGA-AN-A0FL","MTOR",11.1348968521,1.14119127747,"BRCA","TP","RSEM",2475
"TCGA-AN-A0FF","MTOR",10.6275679908,-0.0912049731664,"BRCA","TP","RSEM",2475
"TCGA-AN-A0FD","MTOR",10.004615573,-1.11667901261,"BRCA","TP","RSEM",2475
"TCGA-AO-A12H","MTOR",10.2147481009,-0.818935275353,"BRCA","TP","RSEM",2475
"TCGA-GM-A3XG","MTOR",10.3576069843,-0.590280277931,"BRCA","TP","RSEM",2475
"TCGA-E2-A9RU","MTOR",9.60941682783,-1.57169500243,"BRCA","TP","RSEM",2475
"TCGA-AC-A2QJ","MTOR",9.53912235545,-1.64036302063,"BRCA","TP","RSEM",2475
"TCGA-AC-A2QI","MTOR",10.6117016167,-0.123190723375,"BRCA","TP","RSEM",2475
"TCGA-AN-A0FV","MTOR",10.8129344014,0.309749396132,"BRCA","TP","RSEM",2475
"TCGA-WT-AB41","MTOR",9.02376738046,-2.05346230729,"BRCA","TP","RSEM",2475
"TCGA-AN-A0FT","MTOR",9.60749307016,-1.57361911994,"BRCA","TP","RSEM",2475
"TCGA-WT-AB44","MTOR",9.23341380243,-1.90297594712,"BRCA","TP","RSEM",2475
"TCGA-D8-A27T","MTOR",10.6526831312,-0.0398495761479,"BRCA","TP","RSEM",2475
"TCGA-E9-A22H","MTOR",11.29274207,1.62180048873,"BRCA","TP","RSEM",2475
"TCGA-BH-A204","MTOR",10.4219822189,-0.479607012774,"BRCA","TP","RSEM",2475
"TCGA-BH-A204","MTOR",10.628073563,-0.0901799725312,"BRCA","NT","RSEM",2475
"TCGA-GM-A2DK","MTOR",10.1252265667,-0.951100280609,"BRCA","TP","RSEM",2475
"TCGA-E9-A22E","MTOR",9.81203976952,-1.35396712179,"BRCA","TP","RSEM",2475
"TCGA-A7-A3IZ","MTOR",11.0773127736,0.978542808774,"BRCA","TP","RSEM",2475
"TCGA-A7-A3IY","MTOR",9.88714718393,-1.26516916324,"BRCA","TP","RSEM",2475
"TCGA-AC-A5XS","MTOR",9.21130550322,-1.91989649864,"BRCA","TP","RSEM",2475
"TCGA-AR-A0U4","MTOR",11.4086765192,2.00984484101,"BRCA","TP","RSEM",2475
"TCGA-5L-AAT0","MTOR",10.2367658483,-0.785153324752,"BRCA","TP","RSEM",2475
"TCGA-5L-AAT1","MTOR",10.1997203112,-0.841698238061,"BRCA","TP","RSEM",2475
"TCGA-GM-A5PV","MTOR",10.1416059849,-0.927527484215,"BRCA","TP","RSEM",2475
"TCGA-AR-A1AN","MTOR",10.5353566474,-0.272273877078,"BRCA","TP","RSEM",2475
"TCGA-B6-A0X1","MTOR",11.0655682727,0.946159628202,"BRCA","TP","RSEM",2475
"TCGA-OL-A5D6","MTOR",10.7869118353,0.250305829087,"BRCA","TP","RSEM",2475
"TCGA-GM-A3NW","MTOR",9.99010297085,-1.13568542655,"BRCA","TP","RSEM",2475
"TCGA-EW-A2FS","MTOR",10.4223439196,-0.478971124192,"BRCA","TP","RSEM",2475
"TCGA-C8-A273","MTOR",10.7481092212,0.16363643363,"BRCA","TP","RSEM",2475
"TCGA-E2-A1BC","MTOR",10.7909011932,0.259349310796,"BRCA","TP","RSEM",2475
"TCGA-E2-A1BC","MTOR",10.5267913675,-0.288512881731,"BRCA","NT","RSEM",2475
"TCGA-EW-A1P6","MTOR",11.0232190987,0.831554944919,"BRCA","TP","RSEM",2475
"TCGA-E9-A295","MTOR",10.0037725573,-1.11778830545,"BRCA","TP","RSEM",2475
"TCGA-3C-AALK","MTOR",10.6553009291,-0.0344450777582,"BRCA","TP","RSEM",2475
"TCGA-C8-A27B","MTOR",10.7585945027,0.186826957469,"BRCA","TP","RSEM",2475
"TCGA-E2-A1B6","MTOR",9.75098980376,-1.42281573974,"BRCA","TP","RSEM",2475
"TCGA-AO-A03V","MTOR",10.619608613,-0.107294617943,"BRCA","TP","RSEM",2475
"TCGA-E2-A1B4","MTOR",10.3284920547,-0.638735357552,"BRCA","TP","RSEM",2475
"TCGA-E2-A1B1","MTOR",10.6823542676,0.0219852277252,"BRCA","TP","RSEM",2475
"TCGA-OL-A5DA","MTOR",10.6140732801,-0.118431910688,"BRCA","TP","RSEM",2475
"TCGA-E2-A1IK","MTOR",10.4052596614,-0.508832747747,"BRCA","TP","RSEM",2475
"TCGA-E2-A1II","MTOR",10.9770232069,0.710317610997,"BRCA","TP","RSEM",2475
"TCGA-B6-A0IB","MTOR",9.87236399409,-1.28301434112,"BRCA","TP","RSEM",2475
"TCGA-E2-A1IO","MTOR",11.2196988434,1.39285379591,"BRCA","TP","RSEM",2475
"TCGA-E2-A1IN","MTOR",10.5918255331,-0.162766654122,"BRCA","TP","RSEM",2475
"TCGA-E2-A1IG","MTOR",11.1365550986,1.14597190261,"BRCA","TP","RSEM",2475
"TCGA-E2-A1IG","MTOR",11.0808506306,0.988349541632,"BRCA","NT","RSEM",2475
"TCGA-B6-A0IJ","MTOR",10.3612802665,-0.584097185731,"BRCA","TP","RSEM",2475
"TCGA-AO-A12C","MTOR",10.5727846259,-0.200171690827,"BRCA","TP","RSEM",2475
"TCGA-AO-A12D","MTOR",10.9991953746,0.768022281563,"BRCA","TP","RSEM",2475
"TCGA-AO-A12G","MTOR",10.5690960953,-0.207360743975,"BRCA","TP","RSEM",2475
"TCGA-A2-A0D2","MTOR",10.4974265484,-0.343459755276,"BRCA","TP","RSEM",2475
"TCGA-EW-A1OZ","MTOR",10.4843569886,-0.367557899154,"BRCA","TP","RSEM",2475
"TCGA-A2-A0D4","MTOR",10.584943058,-0.176343984448,"BRCA","TP","RSEM",2475
"TCGA-EW-A1OY","MTOR",10.5623804851,-0.220402559992,"BRCA","TP","RSEM",2475
"TCGA-AQ-A54O","MTOR",9.38919916506,-1.7761032355,"BRCA","TP","RSEM",2475
"TCGA-B6-A0X0","MTOR",10.7429561878,0.152300980257,"BRCA","TP","RSEM",2475
"TCGA-B6-A0IH","MTOR",10.6641411127,-0.0161216894872,"BRCA","TP","RSEM",2475
"TCGA-E9-A1NE","MTOR",11.0410169136,0.879309622844,"BRCA","TP","RSEM",2475
"TCGA-E2-A573","MTOR",9.75503994556,-1.41833790108,"BRCA","TP","RSEM",2475
"TCGA-A2-A0CT","MTOR",10.4739500334,-0.38659111654,"BRCA","TP","RSEM",2475
"TCGA-A2-A0CV","MTOR",10.1632505213,-0.895963934448,"BRCA","TP","RSEM",2475
"TCGA-A2-A0CP","MTOR",10.2139154012,-0.820202800935,"BRCA","TP","RSEM",2475
"TCGA-E9-A228","MTOR",10.4529766112,-0.424534625175,"BRCA","TP","RSEM",2475
"TCGA-AQ-A7U7","MTOR",10.7806849319,0.236239936692,"BRCA","TP","RSEM",2475
"TCGA-C8-A12Z","MTOR",10.5485579039,-0.247055903831,"BRCA","TP","RSEM",2475
"TCGA-C8-A12P","MTOR",11.2480308475,1.4802842243,"BRCA","TP","RSEM",2475
"TCGA-E9-A247","MTOR",10.3716674309,-0.56652743634,"BRCA","TP","RSEM",2475
"TCGA-A7-A6VW","MTOR",10.0811655708,-1.01319923703,"BRCA","TP","RSEM",2475
"TCGA-BH-A0E1","MTOR",10.6558981924,-0.033210640564,"BRCA","TP","RSEM",2475
"TCGA-BH-A0E1","MTOR",10.7172381507,0.0963287363742,"BRCA","NT","RSEM",2475
"TCGA-BH-A0E0","MTOR",11.0175921572,0.816579029417,"BRCA","TP","RSEM",2475
"TCGA-BH-A0E0","MTOR",10.8229929029,0.333014969611,"BRCA","NT","RSEM",2475
"TCGA-D8-A1XJ","MTOR",10.4224773264,-0.478736547852,"BRCA","TP","RSEM",2475
"TCGA-D8-A1XL","MTOR",10.1224506451,-0.955068853852,"BRCA","TP","RSEM",2475
"TCGA-LD-A74U","MTOR",10.6305320651,-0.0851904653815,"BRCA","TP","RSEM",2475
"TCGA-D8-A1XZ","MTOR",10.2858506793,-0.707960332822,"BRCA","TP","RSEM",2475
"TCGA-D8-A1XW","MTOR",10.507220817,-0.325257074924,"BRCA","TP","RSEM",2475
"TCGA-A8-A082","MTOR",11.4371278443,2.10993555227,"BRCA","TP","RSEM",2475
"TCGA-A8-A081","MTOR",10.8803836314,0.468909535339,"BRCA","TP","RSEM",2475
"TCGA-OL-A6VQ","MTOR",10.4596164521,-0.412581953205,"BRCA","TP","RSEM",2475
"TCGA-A8-A085","MTOR",11.600632848,2.72502743479,"BRCA","TP","RSEM",2475
"TCGA-A8-A084","MTOR",10.678925435,0.0147743621205,"BRCA","TP","RSEM",2475
"TCGA-LL-A73Y","MTOR",10.7278363233,0.119273592793,"BRCA","TP","RSEM",2475
"TCGA-AC-A62X","MTOR",9.01552460942,-2.05894388868,"BRCA","TP","RSEM",2475
"TCGA-BH-A0WA","MTOR",11.2403083658,1.45628275767,"BRCA","TP","RSEM",2475
"TCGA-BH-A1F5","MTOR",10.7487860779,0.165128368729,"BRCA","TP","RSEM",2475
"TCGA-AN-A0AK","MTOR",10.5850602738,-0.176113289985,"BRCA","TP","RSEM",2475
"TCGA-A8-A08S","MTOR",10.4199601778,-0.483158931116,"BRCA","TP","RSEM",2475
"TCGA-A8-A08R","MTOR",10.8758499296,0.457976503316,"BRCA","TP","RSEM",2475
"TCGA-AC-A6NO","MTOR",10.8678368651,0.438736806993,"BRCA","TP","RSEM",2475
"TCGA-BH-A0W3","MTOR",10.6425884056,-0.060598768447,"BRCA","TP","RSEM",2475
"TCGA-A8-A08T","MTOR",10.8454378307,0.385519217657,"BRCA","TP","RSEM",2475
"TCGA-BH-A1FG","MTOR",10.4476791966,-0.434031362349,"BRCA","TP","RSEM",2475
"TCGA-BH-A1FG","MTOR",10.1133078599,-0.968085899791,"BRCA","NT","RSEM",2475
"TCGA-A8-A08X","MTOR",10.7186796211,0.0994395994381,"BRCA","TP","RSEM",2475
"TCGA-A8-A08B","MTOR",10.4191785941,-0.484530527998,"BRCA","TP","RSEM",2475
"TCGA-A8-A08G","MTOR",11.2590251501,1.5146769237,"BRCA","TP","RSEM",2475
"TCGA-A8-A08J","MTOR",10.3179180338,-0.656092712763,"BRCA","TP","RSEM",2475
"TCGA-A8-A08H","MTOR",10.6504288113,-0.0444958143743,"BRCA","TP","RSEM",2475
"TCGA-A8-A08O","MTOR",10.9404745239,0.617111687594,"BRCA","TP","RSEM",2475
"TCGA-AO-A1KS","MTOR",10.4209074121,-0.481495638832,"BRCA","TP","RSEM",2475
"TCGA-A8-A08L","MTOR",11.480243004,2.26542546828,"BRCA","TP","RSEM",2475
"TCGA-OL-A66P","MTOR",9.82297769165,-1.34132125732,"BRCA","TP","RSEM",2475
"TCGA-A2-A1FZ","MTOR",10.8401991562,0.373191482335,"BRCA","TP","RSEM",2475
"TCGA-BH-A18I","MTOR",10.747784979,0.162921983232,"BRCA","TP","RSEM",2475
"TCGA-A2-A1FV","MTOR",11.3684195916,1.87155275351,"BRCA","TP","RSEM",2475
"TCGA-A2-A1FW","MTOR",11.0032836748,0.778759556025,"BRCA","TP","RSEM",2475
"TCGA-A7-A0DB","MTOR",10.7629751908,0.196565849888,"BRCA","TP","RSEM",2475
"TCGA-A7-A0DB","MTOR",10.568974726,-0.207596983977,"BRCA","NT","RSEM",2475
"TCGA-A7-A0DA","MTOR",10.1844471807,-0.864591151256,"BRCA","TP","RSEM",2475
"TCGA-D8-A1X9","MTOR",11.7023849174,3.14453034128,"BRCA","TP","RSEM",2475
"TCGA-C8-A1HK","MTOR",11.208595048,1.35905391473,"BRCA","TP","RSEM",2475
"TCGA-AQ-A1H2","MTOR",9.7456823903,-1.42866462074,"BRCA","TP","RSEM",2475
"TCGA-EW-A1J6","MTOR",9.43816786639,-1.73330867336,"BRCA","TP","RSEM",2475
"TCGA-C8-A130","MTOR",10.4829284283,-0.370178721337,"BRCA","TP","RSEM",2475
"TCGA-D8-A13Y","MTOR",10.7254587987,0.114111619351,"BRCA","TP","RSEM",2475
"TCGA-BH-A0AV","MTOR",10.5552612172,-0.234162153731,"BRCA","TP","RSEM",2475
"TCGA-BH-A0AZ","MTOR",10.5797179503,-0.186608594055,"BRCA","TP","RSEM",2475
"TCGA-BH-A0AZ","MTOR",11.1115294227,1.07440541552,"BRCA","NT","RSEM",2475
"TCGA-BH-A0AY","MTOR",10.5807371877,-0.184609242049,"BRCA","TP","RSEM",2475
"TCGA-BH-A0AY","MTOR",10.4896734821,-0.357781481915,"BRCA","NT","RSEM",2475
"TCGA-BH-A0H3","MTOR",10.8939627283,0.501861873162,"BRCA","TP","RSEM",2475
"TCGA-BH-A0H5","MTOR",10.9088450997,0.538334889452,"BRCA","TP","RSEM",2475
"TCGA-BH-A0H5","MTOR",10.9173293351,0.559296660783,"BRCA","NT","RSEM",2475
"TCGA-BH-A0H7","MTOR",10.4785564852,-0.378183338561,"BRCA","TP","RSEM",2475
"TCGA-BH-A0H7","MTOR",10.5589059627,-0.227126342337,"BRCA","NT","RSEM",2475
"TCGA-D8-A1JS","MTOR",10.2338596666,-0.789641884792,"BRCA","TP","RSEM",2475
"TCGA-D8-A1JT","MTOR",10.3658143399,-0.576443416336,"BRCA","TP","RSEM",2475
"TCGA-BH-A2L8","MTOR",10.742817364,0.151996160411,"BRCA","TP","RSEM",2475
"TCGA-AR-A0TX","MTOR",11.4171600027,2.03948316416,"BRCA","TP","RSEM",2475
"TCGA-E2-A1L9","MTOR",10.4910861602,-0.355177666054,"BRCA","TP","RSEM",2475
"TCGA-E2-A15G","MTOR",10.5911698109,-0.164063016513,"BRCA","TP","RSEM",2475
"TCGA-D8-A142","MTOR",10.4235777508,-0.476800784705,"BRCA","TP","RSEM",2475
"TCGA-B6-A1KC","MTOR",10.306747775,-0.674291141534,"BRCA","TP","RSEM",2475
"TCGA-BH-A1EV","MTOR",10.6153010623,-0.115965254516,"BRCA","TP","RSEM",2475
"TCGA-BH-A1EV","MTOR",10.786418791,0.249189881597,"BRCA","NT","RSEM",2475
"TCGA-B6-A1KF","MTOR",9.60279943267,-1.57830288299,"BRCA","TP","RSEM",2475
"TCGA-D8-A1JN","MTOR",10.2869029737,-0.70627652204,"BRCA","TP","RSEM",2475
"TCGA-A7-A425","MTOR",10.1332339356,-0.939609736969,"BRCA","TP","RSEM",2475
"TCGA-D8-A1J9","MTOR",11.1006430898,1.04365890864,"BRCA","TP","RSEM",2475
"TCGA-D8-A1J8","MTOR",10.2035058465,-0.835986516758,"BRCA","TP","RSEM",2475
"TCGA-EW-A6SC","MTOR",10.5656097415,-0.214138872612,"BRCA","TP","RSEM",2475
"TCGA-OL-A5RZ","MTOR",9.67397999801,-1.50560898762,"BRCA","TP","RSEM",2475
"TCGA-AR-A0U0","MTOR",11.4933424109,2.31359476775,"BRCA","TP","RSEM",2475
"TCGA-BH-A0HL","MTOR",10.8428890533,0.379515800952,"BRCA","TP","RSEM",2475
"TCGA-AN-A03Y","MTOR",10.0129404168,-1.10568978578,"BRCA","TP","RSEM",2475
"TCGA-BH-A0HF","MTOR",10.5743191527,-0.197175435589,"BRCA","TP","RSEM",2475
"TCGA-BH-A0HY","MTOR",11.0489976529,0.900915416215,"BRCA","TP","RSEM",2475
"TCGA-BH-A0HP","MTOR",10.7195535321,0.101327116388,"BRCA","TP","RSEM",2475
"TCGA-BH-A0HQ","MTOR",10.9177119754,0.560244948116,"BRCA","TP","RSEM",2475
"TCGA-E9-A1R4","MTOR",11.2914514967,1.61765390365,"BRCA","TP","RSEM",2475
"TCGA-PL-A8LV","MTOR",10.9065332589,0.532644426052,"BRCA","TP","RSEM",2475
"TCGA-C8-A26Y","MTOR",11.145655295,1.17230526879,"BRCA","TP","RSEM",2475
"TCGA-C8-A26Z","MTOR",10.9644875127,0.678082866044,"BRCA","TP","RSEM",2475
"TCGA-PL-A8LY","MTOR",10.3937925325,-0.528678756439,"BRCA","TP","RSEM",2475
"TCGA-BH-A18P","MTOR",10.6513651382,-0.0425668907263,"BRCA","TP","RSEM",2475
"TCGA-BH-A18P","MTOR",11.0189549268,0.82020063671,"BRCA","NT","RSEM",2475
"TCGA-EW-A1J5","MTOR",11.3022180478,1.65236048062,"BRCA","TP","RSEM",2475
"TCGA-EW-A1J1","MTOR",10.8297379546,0.348707553727,"BRCA","TP","RSEM",2475
"TCGA-EW-A1J3","MTOR",10.7268321534,0.117092347077,"BRCA","TP","RSEM",2475
"TCGA-EW-A1J2","MTOR",11.077697442,0.979607922149,"BRCA","TP","RSEM",2475
"TCGA-E9-A1R7","MTOR",12.4136323978,7.06989772872,"BRCA","TP","RSEM",2475
"TCGA-E9-A1R7","MTOR",10.8424799916,0.378553280067,"BRCA","NT","RSEM",2475
"TCGA-E9-A1R6","MTOR",10.8936331154,0.501058324423,"BRCA","TP","RSEM",2475
"TCGA-E9-A1R5","MTOR",10.1120264485,-0.969903727788,"BRCA","TP","RSEM",2475
"TCGA-E9-A1RI","MTOR",11.1026341195,1.04926489498,"BRCA","TP","RSEM",2475
"TCGA-E9-A1RI","MTOR",10.8304256002,0.350311508734,"BRCA","NT","RSEM",2475
"TCGA-B6-A0RE","MTOR",10.3612063418,-0.584221775529,"BRCA","TP","RSEM",2475
"TCGA-B6-A0RH","MTOR",10.3494767453,-0.603909736332,"BRCA","TP","RSEM",2475
"TCGA-AO-A126","MTOR",9.93441079011,-1.20687352297,"BRCA","TP","RSEM",2475
"TCGA-B6-A0RN","MTOR",10.2317682689,-0.792866431425,"BRCA","TP","RSEM",2475
"TCGA-B6-A0RO","MTOR",10.9314002928,0.594334306481,"BRCA","TP","RSEM",2475
"TCGA-B6-A0RU","MTOR",10.6678795328,-0.00833907871309,"BRCA","TP","RSEM",2475
"TCGA-AR-A0TQ","MTOR",10.7741540948,0.221552574119,"BRCA","TP","RSEM",2475
"TCGA-AR-A0TW","MTOR",10.825434974,0.338688056986,"BRCA","TP","RSEM",2475
"TCGA-AC-A3OD","MTOR",10.2080350746,-0.829132968778,"BRCA","TP","RSEM",2475
"TCGA-B6-A0RS","MTOR",10.0829420395,-1.01073202631,"BRCA","TP","RSEM",2475
"TCGA-E2-A570","MTOR",10.0121185991,-1.10677745102,"BRCA","TP","RSEM",2475
"TCGA-BH-A18K","MTOR",10.2829274013,-0.712631525978,"BRCA","TP","RSEM",2475
"TCGA-BH-A18K","MTOR",11.2812380627,1.58496886086,"BRCA","NT","RSEM",2475
"TCGA-E2-A1IH","MTOR",10.3936636319,-0.52890094774,"BRCA","TP","RSEM",2475
"TCGA-HN-A2NL","MTOR",10.3158647307,-0.659448503842,"BRCA","TP","RSEM",2475
"TCGA-A1-A0SQ","MTOR",10.7857842907,0.247754326154,"BRCA","TP","RSEM",2475
"TCGA-GM-A2DO","MTOR",10.4169304985,-0.488471558394,"BRCA","TP","RSEM",2475
"TCGA-GM-A2DC","MTOR",10.3393846142,-0.620721595262,"BRCA","TP","RSEM",2475
"TCGA-A1-A0SE","MTOR",10.8085625126,0.299687568436,"BRCA","TP","RSEM",2475
"TCGA-A1-A0SD","MTOR",10.4819554966,-0.371962166987,"BRCA","TP","RSEM",2475
"TCGA-A1-A0SK","MTOR",11.5913929844,2.68837844003,"BRCA","TP","RSEM",2475
"TCGA-A1-A0SJ","MTOR",11.0113652974,0.8000743934,"BRCA","TP","RSEM",2475
"TCGA-C8-A132","MTOR",11.2058923168,1.35086610983,"BRCA","TP","RSEM",2475
"TCGA-BH-A18V","MTOR",10.6597267664,-0.025285509413,"BRCA","TP","RSEM",2475
"TCGA-BH-A18V","MTOR",10.3053778996,-0.676513239394,"BRCA","TM","RSEM",2475
"TCGA-BH-A18V","MTOR",10.2748659195,-0.725464275139,"BRCA","NT","RSEM",2475
"TCGA-OL-A66L","MTOR",9.39734113828,-1.76908812746,"BRCA","TP","RSEM",2475
"TCGA-E2-A152","MTOR",10.9174504782,0.559596859346,"BRCA","TP","RSEM",2475
"TCGA-OL-A66I","MTOR",10.6636629671,-0.0171156350987,"BRCA","TP","RSEM",2475
"TCGA-OL-A66J","MTOR",9.28992112754,-1.85853121715,"BRCA","TP","RSEM",2475
"TCGA-GM-A4E0","MTOR",9.49108605997,-1.68540001428,"BRCA","TP","RSEM",2475
"TCGA-BH-A1FU","MTOR",11.2495995839,1.48517557539,"BRCA","TP","RSEM",2475
"TCGA-BH-A1FU","MTOR",11.0398794605,0.876239981627,"BRCA","NT","RSEM",2475
"TCGA-E9-A6HE","MTOR",10.008836721,-1.11111480267,"BRCA","TP","RSEM",2475
"TCGA-BH-A0C0","MTOR",10.5671300434,-0.21118513318,"BRCA","TP","RSEM",2475
"TCGA-BH-A0C0","MTOR",11.0318934574,0.854756190135,"BRCA","NT","RSEM",2475
"TCGA-BH-A0C3","MTOR",10.983676056,0.727539100479,"BRCA","TP","RSEM",2475
"TCGA-BH-A0C3","MTOR",10.8479229384,0.391382886755,"BRCA","NT","RSEM",2475
"TCGA-AO-A0J8","MTOR",10.6549272231,-0.0352172017714,"BRCA","TP","RSEM",2475
"TCGA-A2-A4S0","MTOR",10.8874890201,0.486113463944,"BRCA","TP","RSEM",2475
"TCGA-A2-A4S1","MTOR",9.94064805805,-1.19903675075,"BRCA","TP","RSEM",2475
"TCGA-AO-A0J2","MTOR",11.1822036369,1.27975491157,"BRCA","TP","RSEM",2475
"TCGA-B6-A0WW","MTOR",9.9157724422,-1.2300906654,"BRCA","TP","RSEM",2475
"TCGA-BH-A1EU","MTOR",10.6208500191,-0.104790991504,"BRCA","TP","RSEM",2475
"TCGA-BH-A1EU","MTOR",11.0493797335,0.901952801889,"BRCA","NT","RSEM",2475
"TCGA-E9-A245","MTOR",11.2491226399,1.48368789187,"BRCA","TP","RSEM",2475
"TCGA-E9-A1N9","MTOR",11.5040385993,2.35325258763,"BRCA","TP","RSEM",2475
"TCGA-E9-A1N9","MTOR",11.3774229055,1.90214712774,"BRCA","NT","RSEM",2475
"TCGA-BH-A0GY","MTOR",10.1210359996,-0.957088354653,"BRCA","TP","RSEM",2475
"TCGA-E9-A1N4","MTOR",10.8795657901,0.466934768561,"BRCA","TP","RSEM",2475
"TCGA-E9-A1N4","MTOR",10.8841347948,0.477981484153,"BRCA","NT","RSEM",2475
"TCGA-AC-A8OS","MTOR",10.9207567237,0.567799637198,"BRCA","TP","RSEM",2475
"TCGA-HN-A2OB","MTOR",10.5941970327,-0.158073278806,"BRCA","TP","RSEM",2475
"TCGA-AR-A1AM","MTOR",10.7325191934,0.129465740678,"BRCA","TP","RSEM",2475
"TCGA-AR-A1AJ","MTOR",11.0920324407,1.01950346085,"BRCA","TP","RSEM",2475
"TCGA-AR-A1AI","MTOR",12.269129865,6.10865971194,"BRCA","TP","RSEM",2475
"TCGA-A2-A1G0","MTOR",11.3593206956,1.84082694998,"BRCA","TP","RSEM",2475
"TCGA-BH-A1FR","MTOR",10.5089542752,-0.322022546319,"BRCA","TP","RSEM",2475
"TCGA-BH-A1FR","MTOR",10.5601928573,-0.224637873708,"BRCA","NT","RSEM",2475
"TCGA-A2-A1G4","MTOR",11.5005583905,2.34031687628,"BRCA","TP","RSEM",2475
"TCGA-AR-A0TV","MTOR",10.9915338921,0.747982363824,"BRCA","TP","RSEM",2475
"TCGA-A2-A1G6","MTOR",10.6369824407,-0.0720589964686,"BRCA","TP","RSEM",2475
"TCGA-AR-A1AX","MTOR",11.2017487111,1.33834298665,"BRCA","TP","RSEM",2475
"TCGA-AR-A1AU","MTOR",11.0141009046,0.80731649888,"BRCA","TP","RSEM",2475
"TCGA-AR-A1AQ","MTOR",10.9887022944,0.740602728953,"BRCA","TP","RSEM",2475
"TCGA-AN-A0AT","MTOR",10.762465093,0.195430308156,"BRCA","TP","RSEM",2475
"TCGA-AO-A0JL","MTOR",9.61081077552,-1.57029919002,"BRCA","TP","RSEM",2475
"TCGA-AN-A0AJ","MTOR",10.2739480181,-0.726920903634,"BRCA","TP","RSEM",2475
"TCGA-AO-A0JJ","MTOR",10.1235942958,-0.953434768079,"BRCA","TP","RSEM",2475
"TCGA-AO-A0JG","MTOR",10.3329089527,-0.631447224091,"BRCA","TP","RSEM",2475
"TCGA-D8-A73X","MTOR",10.4326726974,-0.460745152573,"BRCA","TP","RSEM",2475
"TCGA-E9-A1RG","MTOR",9.75048558295,-1.4233723271,"BRCA","TP","RSEM",2475
"TCGA-A7-A4SF","MTOR",10.376909377,-0.557612611159,"BRCA","TP","RSEM",2475
"TCGA-BH-A0BF","MTOR",10.6936339202,0.0458277222116,"BRCA","TP","RSEM",2475
"TCGA-E9-A22G","MTOR",10.3889862571,-0.536950114134,"BRCA","TP","RSEM",2475
"TCGA-BH-A0DI","MTOR",11.0529727501,0.911721640224,"BRCA","TP","RSEM",2475
"TCGA-AR-A2LK","MTOR",10.8634042924,0.428139834691,"BRCA","TP","RSEM",2475
"TCGA-E9-A1NC","MTOR",9.34079545977,-1.81700029872,"BRCA","TP","RSEM",2475
"TCGA-AN-A0XP","MTOR",10.4719365014,-0.390257827558,"BRCA","TP","RSEM",2475
"TCGA-EW-A6SB","MTOR",9.99973158303,-1.12309668115,"BRCA","TP","RSEM",2475
"TCGA-OL-A6VO","MTOR",11.1899058317,1.30274819904,"BRCA","TP","RSEM",2475
"TCGA-S3-AA12","MTOR",10.8263798188,0.340885569619,"BRCA","TP","RSEM",2475
"TCGA-A2-A0YG","MTOR",11.4683542632,2.22208504016,"BRCA","TP","RSEM",2475
"TCGA-A2-A0YD","MTOR",10.6812385875,0.0196370612565,"BRCA","TP","RSEM",2475
"TCGA-A2-A0YH","MTOR",10.6095432451,-0.12751476573,"BRCA","TP","RSEM",2475
"TCGA-BH-A0B7","MTOR",11.4128822734,2.02451649122,"BRCA","TP","RSEM",2475
"TCGA-BH-A0B7","MTOR",10.9285717444,0.587263558186,"BRCA","NT","RSEM",2475
"TCGA-MS-A51U","MTOR",10.6882274881,0.0343765519053,"BRCA","TP","RSEM",2475
"TCGA-A8-A07O","MTOR",11.198004369,1.32705744314,"BRCA","TP","RSEM",2475
"TCGA-A8-A07L","MTOR",10.5258119614,-0.290363613265,"BRCA","TP","RSEM",2475
"TCGA-BH-A0B1","MTOR",10.535979345,-0.271089534594,"BRCA","TP","RSEM",2475
"TCGA-A8-A07R","MTOR",11.0632979321,0.939929953467,"BRCA","TP","RSEM",2475
"TCGA-A8-A07S","MTOR",10.6425276677,-0.0607231733933,"BRCA","TP","RSEM",2475
"TCGA-A8-A07P","MTOR",10.1965557776,-0.84646148718,"BRCA","TP","RSEM",2475
"TCGA-A8-A07W","MTOR",11.333934363,1.75611808775,"BRCA","TP","RSEM",2475
"TCGA-BH-A18G","MTOR",9.84156434773,-1.3196112078,"BRCA","TP","RSEM",2475
"TCGA-A8-A07U","MTOR",10.8759416723,0.458197400658,"BRCA","TP","RSEM",2475
"TCGA-A8-A07Z","MTOR",10.585735488,-0.174784024058,"BRCA","TP","RSEM",2475
"TCGA-AO-A03M","MTOR",11.5401038158,2.48915805959,"BRCA","TP","RSEM",2475
"TCGA-BH-A18M","MTOR",10.9758283403,0.707232996822,"BRCA","TP","RSEM",2475
"TCGA-BH-A18M","MTOR",10.8084019451,0.299318605177,"BRCA","NT","RSEM",2475
"TCGA-EW-A424","MTOR",9.4220006216,-1.74759842072,"BRCA","TP","RSEM",2475
"TCGA-GM-A3XN","MTOR",10.269370654,-0.734170957721,"BRCA","TP","RSEM",2475
"TCGA-BH-A0BZ","MTOR",10.7517161011,0.171594838021,"BRCA","TP","RSEM",2475
"TCGA-BH-A0BZ","MTOR",10.9580808262,0.661716313972,"BRCA","NT","RSEM",2475
"TCGA-EW-A423","MTOR",9.47610763212,-1.69913927437,"BRCA","TP","RSEM",2475
"TCGA-BH-A0BW","MTOR",11.3478897867,1.80249987483,"BRCA","TP","RSEM",2475
"TCGA-BH-A0BW","MTOR",10.8745483205,0.454844012646,"BRCA","NT","RSEM",2475
"TCGA-A7-A13F","MTOR",10.5756379442,-0.194597868618,"BRCA","TP","RSEM",2475
"TCGA-A7-A13F","MTOR",10.784110342,0.243970049688,"BRCA","NT","RSEM",2475
"TCGA-A7-A13G","MTOR",11.0510363103,0.906453746969,"BRCA","TP","RSEM",2475
"TCGA-A7-A13G","MTOR",10.8009472881,0.282233905681,"BRCA","NT","RSEM",2475
"TCGA-A7-A13E","MTOR",11.0699024435,0.958079581486,"BRCA","TP","RSEM",2475
"TCGA-A7-A13E","MTOR",10.9852850972,0.731716186025,"BRCA","NT","RSEM",2475
"TCGA-A2-A3XT","MTOR",10.470749459,-0.392417075966,"BRCA","TP","RSEM",2475
"TCGA-A2-A3XS","MTOR",9.724560919,-1.45172889111,"BRCA","TP","RSEM",2475
"TCGA-AO-A1KR","MTOR",10.2535352808,-0.759075792812,"BRCA","TP","RSEM",2475
"TCGA-E2-A1LI","MTOR",10.5889623082,-0.168422920026,"BRCA","TP","RSEM",2475
"TCGA-E2-A1L6","MTOR",10.7850846771,0.246172183604,"BRCA","TP","RSEM",2475
"TCGA-E2-A1L7","MTOR",10.8194678928,0.324843061932,"BRCA","TP","RSEM",2475
"TCGA-E2-A1L7","MTOR",10.9429896074,0.623450239763,"BRCA","NT","RSEM",2475
"TCGA-A2-A0T1","MTOR",10.9853918427,0.731993463023,"BRCA","TP","RSEM",2475
"TCGA-A2-A0T5","MTOR",10.5930492243,-0.16034584108,"BRCA","TP","RSEM",2475
"TCGA-A2-A0T4","MTOR",10.0135669407,-1.10486017301,"BRCA","TP","RSEM",2475
"TCGA-A2-A0T7","MTOR",10.500244765,-0.338234747529,"BRCA","TP","RSEM",2475
"TCGA-A2-A0T6","MTOR",11.0138213535,0.806575799593,"BRCA","TP","RSEM",2475
"TCGA-S3-AA14","MTOR",11.5564966187,2.55206352238,"BRCA","TP","RSEM",2475
"TCGA-BH-A8G0","MTOR",10.4908326299,-0.355645155072,"BRCA","TP","RSEM",2475
"TCGA-A2-A04X","MTOR",10.4151228398,-0.491636028344,"BRCA","TP","RSEM",2475
"TCGA-D8-A1XC","MTOR",11.0076592364,0.790285036567,"BRCA","TP","RSEM",2475
"TCGA-E2-A10C","MTOR",10.1056568659,-0.978915784771,"BRCA","TP","RSEM",2475
"TCGA-AR-A5QM","MTOR",10.1521360012,-0.912231036504,"BRCA","TP","RSEM",2475
"TCGA-A2-A04Q","MTOR",10.3353231316,-0.627454250471,"BRCA","TP","RSEM",2475
"TCGA-A2-A04T","MTOR",10.9049452531,0.528740920477,"BRCA","TP","RSEM",2475
"TCGA-LL-A73Z","MTOR",10.0919221972,-0.998213524412,"BRCA","TP","RSEM",2475
"TCGA-V7-A7HQ","MTOR",9.82124032524,-1.34333632169,"BRCA","TP","RSEM",2475
"TCGA-B6-A409","MTOR",9.75473888356,-1.41867118803,"BRCA","TP","RSEM",2475
"TCGA-A7-A26E","MTOR",11.1316609877,1.13187828251,"BRCA","TP","RSEM",2475
"TCGA-D8-A27M","MTOR",11.4876457693,2.29259325338,"BRCA","TP","RSEM",2475
"TCGA-D8-A27H","MTOR",11.4226878191,2.05888941153,"BRCA","TP","RSEM",2475
"TCGA-D8-A27E","MTOR",10.9815877592,0.722124804969,"BRCA","TP","RSEM",2475
"TCGA-D8-A27G","MTOR",11.4204952974,2.05118332921,"BRCA","TP","RSEM",2475
"TCGA-AO-A03R","MTOR",10.4333150278,-0.459607392626,"BRCA","TP","RSEM",2475
"TCGA-LL-A5YP","MTOR",11.3913815144,1.94995929443,"BRCA","TP","RSEM",2475
"TCGA-EW-A1P5","MTOR",10.7962368502,0.271483876476,"BRCA","TP","RSEM",2475
"TCGA-AO-A03P","MTOR",10.4101487884,-0.500323116685,"BRCA","TP","RSEM",2475
"TCGA-A8-A07J","MTOR",10.9066831933,0.533013204459,"BRCA","TP","RSEM",2475
"TCGA-A7-A26J","MTOR",11.1501316811,1.18531972681,"BRCA","TP","RSEM",2475
"TCGA-LL-A5YO","MTOR",10.0470761851,-1.0599597845,"BRCA","TP","RSEM",2475
"TCGA-E9-A1NF","MTOR",10.1108838941,-0.971523210307,"BRCA","TP","RSEM",2475
"TCGA-E9-A1NF","MTOR",10.8421773039,0.377841232737,"BRCA","NT","RSEM",2475
"TCGA-AN-A0AR","MTOR",9.99067341101,-1.1349419545,"BRCA","TP","RSEM",2475
"TCGA-AN-A0AL","MTOR",9.90347443017,-1.24524644125,"BRCA","TP","RSEM",2475
"TCGA-C8-A1HL","MTOR",10.5183591778,-0.304405659839,"BRCA","TP","RSEM",2475
"TCGA-A2-A0CO","MTOR",10.58071863,-0.184645657762,"BRCA","TP","RSEM",2475
"TCGA-AO-A0JF","MTOR",10.7131361912,0.0874932124138,"BRCA","TP","RSEM",2475
"TCGA-AO-A0JA","MTOR",10.3644302787,-0.578782340238,"BRCA","TP","RSEM",2475
"TCGA-A7-A4SC","MTOR",10.3507949048,-0.601705199348,"BRCA","TP","RSEM",2475
"TCGA-A7-A4SB","MTOR",10.4247650825,-0.474710485844,"BRCA","TP","RSEM",2475
"TCGA-AQ-A0Y5","MTOR",10.8129462704,0.309776754129,"BRCA","TP","RSEM",2475
"TCGA-A8-A0A1","MTOR",10.8998422213,0.516226115608,"BRCA","TP","RSEM",2475
"TCGA-A8-A0A6","MTOR",10.5646859699,-0.215932115382,"BRCA","TP","RSEM",2475
"TCGA-A8-A0A7","MTOR",10.7013898153,0.0623303248638,"BRCA","TP","RSEM",2475
"TCGA-3C-AAAU","MTOR",11.1962561948,1.32179842275,"BRCA","TP","RSEM",2475
"TCGA-JL-A3YX","MTOR",10.1122364465,-0.969605932293,"BRCA","TP","RSEM",2475
"TCGA-AR-A251","MTOR",11.1512168147,1.18848068459,"BRCA","TP","RSEM",2475
"TCGA-AR-A252","MTOR",10.7735665933,0.220234584123,"BRCA","TP","RSEM",2475
"TCGA-AR-A254","MTOR",10.8116015569,0.306678645807,"BRCA","TP","RSEM",2475
"TCGA-AN-A0XU","MTOR",11.1122086832,1.0763315664,"BRCA","TP","RSEM",2475
"TCGA-AN-A0XS","MTOR",10.4887123193,-0.359551618268,"BRCA","TP","RSEM",2475
"TCGA-A2-A0YF","MTOR",9.67034590354,-1.50940786735,"BRCA","TP","RSEM",2475
"TCGA-A2-A0YE","MTOR",10.6039976336,-0.138595124265,"BRCA","TP","RSEM",2475
"TCGA-A2-A0YI","MTOR",9.97050814939,-1.16104628988,"BRCA","TP","RSEM",2475
"TCGA-A2-A0SY","MTOR",10.6290138482,-0.088272676489,"BRCA","TP","RSEM",2475
"TCGA-AO-A03U","MTOR",10.7542106627,0.177110616912,"BRCA","TP","RSEM",2475
"TCGA-A8-A07G","MTOR",10.8818933868,0.472557946076,"BRCA","TP","RSEM",2475
"TCGA-BH-A0B6","MTOR",10.1021482852,-0.983862960966,"BRCA","TP","RSEM",2475
"TCGA-A8-A07I","MTOR",11.5054577824,2.35853656295,"BRCA","TP","RSEM",2475
"TCGA-BH-A0BP","MTOR",10.3591349116,-0.587710289864,"BRCA","TP","RSEM",2475
"TCGA-B6-A2IU","MTOR",10.3384600717,-0.622255861317,"BRCA","TP","RSEM",2475
"TCGA-A8-A075","MTOR",10.3797868562,-0.552705178,"BRCA","TP","RSEM",2475
"TCGA-A7-A13D","MTOR",10.3319475664,-0.633035466734,"BRCA","TP","RSEM",2475
"TCGA-BH-A0BC","MTOR",10.3614210858,-0.583859836621,"BRCA","TP","RSEM",2475
"TCGA-BH-A0BC","MTOR",10.7401537218,0.146153194662,"BRCA","NT","RSEM",2475
"TCGA-BH-A0BA","MTOR",10.686664922,0.0310749222669,"BRCA","TP","RSEM",2475
"TCGA-BH-A0BA","MTOR",10.8547662537,0.407582148372,"BRCA","NT","RSEM",2475
"TCGA-D8-A27N","MTOR",10.9632746992,0.674979027331,"BRCA","TP","RSEM",2475
"TCGA-AO-A1KT","MTOR",10.249561721,-0.76528236113,"BRCA","TP","RSEM",2475
"TCGA-A2-A3XV","MTOR",10.1479981891,-0.918255156558,"BRCA","TP","RSEM",2475
"TCGA-A2-A3XW","MTOR",9.82012916943,-1.34462381122,"BRCA","TP","RSEM",2475
"TCGA-A2-A3XZ","MTOR",9.9012245701,-1.24800516252,"BRCA","TP","RSEM",2475
"TCGA-A2-A3XX","MTOR",10.4129712687,-0.495397383245,"BRCA","TP","RSEM",2475
"TCGA-A2-A3XY","MTOR",10.7164521831,0.0946338345123,"BRCA","TP","RSEM",2475
"TCGA-GM-A5PX","MTOR",9.71118186431,-1.46616485588,"BRCA","TP","RSEM",2475
"TCGA-AO-A1KQ","MTOR",9.83876492786,-1.32289897359,"BRCA","TP","RSEM",2475
"TCGA-C8-A3M8","MTOR",11.0922285844,1.0200520996,"BRCA","TP","RSEM",2475
"TCGA-C8-A1HI","MTOR",10.5369912019,-0.26916393827,"BRCA","TP","RSEM",2475
"TCGA-A2-A04N","MTOR",10.5711786742,-0.203303996646,"BRCA","TP","RSEM",2475
"TCGA-A2-A4RX","MTOR",11.047943411,0.898054472152,"BRCA","TP","RSEM",2475
"TCGA-A2-A0ST","MTOR",10.451717924,-0.426794247855,"BRCA","TP","RSEM",2475
"TCGA-A2-A0SU","MTOR",10.8443690178,0.383000433409,"BRCA","TP","RSEM",2475
"TCGA-A2-A0SV","MTOR",10.5471668682,-0.249724047955,"BRCA","TP","RSEM",2475
"TCGA-C8-A138","MTOR",9.95779564566,-1.17731634956,"BRCA","TP","RSEM",2475
"TCGA-EW-A6SD","MTOR",10.4067306375,-0.506275514422,"BRCA","TP","RSEM",2475
"TCGA-LL-A5YL","MTOR",8.91792219788,-2.12152512223,"BRCA","TP","RSEM",2475
"TCGA-LL-A5YM","MTOR",9.26313772014,-1.87981426009,"BRCA","TP","RSEM",2475
"TCGA-LL-A5YN","MTOR",9.62755868913,-1.55342300283,"BRCA","TP","RSEM",2475
"TCGA-AC-A3TM","MTOR",9.71094002314,-1.466424572,"BRCA","TP","RSEM",2475
"TCGA-A7-A0CJ","MTOR",10.8217597144,0.330153840697,"BRCA","TP","RSEM",2475
"TCGA-A7-A0CH","MTOR",10.8553946528,0.409073528917,"BRCA","TP","RSEM",2475
"TCGA-A7-A0CH","MTOR",10.4923805854,-0.352789571698,"BRCA","NT","RSEM",2475
"TCGA-A7-A0CE","MTOR",11.1617879395,1.2193987335,"BRCA","TP","RSEM",2475
"TCGA-A7-A0CE","MTOR",10.6409908589,-0.0638691582103,"BRCA","NT","RSEM",2475
"TCGA-OL-A66O","MTOR",9.62951399641,-1.55143991774,"BRCA","TP","RSEM",2475
"TCGA-E9-A2JS","MTOR",10.576866275,-0.192194986155,"BRCA","TP","RSEM",2475
"TCGA-OL-A97C","MTOR",10.1799426696,-0.87129681817,"BRCA","TP","RSEM",2475
"TCGA-AO-A03O","MTOR",11.1214995864,1.10276863418,"BRCA","TP","RSEM",2475
"TCGA-E2-A14Y","MTOR",10.9219747892,0.570826392906,"BRCA","TP","RSEM",2475
"TCGA-E2-A14T","MTOR",11.3135533351,1.68918138711,"BRCA","TP","RSEM",2475
"TCGA-E2-A14W","MTOR",10.4979465169,-0.342496494985,"BRCA","TP","RSEM",2475
"TCGA-E2-A14R","MTOR",10.0121666584,-1.10671386216,"BRCA","TP","RSEM",2475
"TCGA-D8-A3Z6","MTOR",10.4312195897,-0.463317174005,"BRCA","TP","RSEM",2475
"TCGA-E2-A15J","MTOR",11.1125270172,1.07723456515,"BRCA","TP","RSEM",2475
"TCGA-BH-A28O","MTOR",10.3617182528,-0.583358889512,"BRCA","TP","RSEM",2475
"TCGA-LL-A440","MTOR",10.563952035,-0.217356025192,"BRCA","TP","RSEM",2475
"TCGA-E9-A3Q9","MTOR",10.1381780924,-0.93248297872,"BRCA","TP","RSEM",2475
"TCGA-LL-A6FR","MTOR",9.70261512482,-1.47533828807,"BRCA","TP","RSEM",2475
"TCGA-A2-A0EV","MTOR",11.1083410373,1.06537635221,"BRCA","TP","RSEM",2475
"TCGA-A2-A0EU","MTOR",10.2133810641,-0.821015777093,"BRCA","TP","RSEM",2475
"TCGA-A2-A0EP","MTOR",10.1651251995,-0.89320780109,"BRCA","TP","RSEM",2475
"TCGA-A2-A0EO","MTOR",10.4767825493,-0.381424336963,"BRCA","TP","RSEM",2475
"TCGA-AC-A5EH","MTOR",10.4672693915,-0.398737143002,"BRCA","TP","RSEM",2475
"TCGA-A8-A09G","MTOR",10.7911319501,0.259873179471,"BRCA","TP","RSEM",2475
"TCGA-BH-A0BL","MTOR",10.8370071254,0.365701860922,"BRCA","TP","RSEM",2475
"TCGA-A8-A09I","MTOR",10.2418080142,-0.777344280237,"BRCA","TP","RSEM",2475
"TCGA-A8-A09K","MTOR",11.1555359243,1.20108569691,"BRCA","TP","RSEM",2475
"TCGA-A8-A09M","MTOR",10.2028895471,-0.836917428065,"BRCA","TP","RSEM",2475
"TCGA-A8-A09N","MTOR",11.0168119083,0.814507030838,"BRCA","TP","RSEM",2475
"TCGA-BH-A1EO","MTOR",10.9999967596,0.77012459576,"BRCA","TP","RSEM",2475
"TCGA-BH-A1EO","MTOR",9.9791856552,-1.14985779332,"BRCA","NT","RSEM",2475
"TCGA-EW-A2FV","MTOR",10.5967900086,-0.152932748118,"BRCA","TP","RSEM",2475
"TCGA-A8-A079","MTOR",10.5852425593,-0.17575449355,"BRCA","TP","RSEM",2475
"TCGA-LL-A740","MTOR",10.9968979021,0.762001673684,"BRCA","TP","RSEM",2475
"TCGA-EW-A2FW","MTOR",9.74892944252,-1.42508885657,"BRCA","TP","RSEM",2475
"TCGA-EW-A1PH","MTOR",10.3681636443,-0.572468188444,"BRCA","TP","RSEM",2475
"TCGA-AO-A0J4","MTOR",11.2858171074,1.59959411338,"BRCA","TP","RSEM",2475
"TCGA-D8-A1JB","MTOR",10.6032820413,-0.140021806844,"BRCA","TP","RSEM",2475
"TCGA-B6-A402","MTOR",10.356813314,-0.591614165142,"BRCA","TP","RSEM",2475
"TCGA-E2-A105","MTOR",11.1328292305,1.13523814032,"BRCA","TP","RSEM",2475
"TCGA-E2-A106","MTOR",10.6209452985,-0.104598746119,"BRCA","TP","RSEM",2475
"TCGA-AO-A0J5","MTOR",10.678522941,0.0139290369799,"BRCA","TP","RSEM",2475
"TCGA-D8-A147","MTOR",11.4286446006,2.07988501065,"BRCA","TP","RSEM",2475
"TCGA-D8-A146","MTOR",10.62531223,-0.095773943536,"BRCA","TP","RSEM",2475
"TCGA-D8-A145","MTOR",11.0604211451,0.932050295743,"BRCA","TP","RSEM",2475
"TCGA-D8-A143","MTOR",11.3620281295,1.84994936321,"BRCA","TP","RSEM",2475
"TCGA-AO-A0J6","MTOR",10.2543446033,-0.757809561189,"BRCA","TP","RSEM",2475
"TCGA-BH-A42U","MTOR",9.7539841992,-1.41950634635,"BRCA","TP","RSEM",2475
"TCGA-D8-A140","MTOR",11.1427382579,1.16384610214,"BRCA","TP","RSEM",2475
"TCGA-BH-A0DL","MTOR",11.6562503706,2.95065715532,"BRCA","TP","RSEM",2475
"TCGA-BH-A0DL","MTOR",11.0607674568,0.932998028522,"BRCA","NT","RSEM",2475
"TCGA-C8-A1HN","MTOR",10.4325073463,-0.461037957083,"BRCA","TP","RSEM",2475
"TCGA-E2-A10B","MTOR",10.8731946954,0.451589335246,"BRCA","TP","RSEM",2475
"TCGA-BH-A0DO","MTOR",10.6886653958,0.0353024722266,"BRCA","TP","RSEM",2475
"TCGA-BH-A0DO","MTOR",10.755236946,0.179382624632,"BRCA","NT","RSEM",2475
"TCGA-BH-A0DH","MTOR",9.6623344077,-1.51774891399,"BRCA","TP","RSEM",2475
"TCGA-BH-A0DH","MTOR",10.7488828296,0.165341687166,"BRCA","NT","RSEM",2475
"TCGA-AC-A3W5","MTOR",10.3797828499,-0.5527120175,"BRCA","TP","RSEM",2475
"TCGA-AC-A3W6","MTOR",10.1364472442,-0.934980689916,"BRCA","TP","RSEM",2475
"TCGA-AC-A3W7","MTOR",10.6090696545,-0.12846268336,"BRCA","TP","RSEM",2475
"TCGA-A2-A3KC","MTOR",10.0962157243,-0.992200680289,"BRCA","TP","RSEM",2475
"TCGA-BH-A0DE","MTOR",9.80139246707,-1.36618524027,"BRCA","TP","RSEM",2475
"TCGA-BH-A0DG","MTOR",11.0124586822,0.802967316743,"BRCA","TP","RSEM",2475
"TCGA-BH-A0DG","MTOR",10.9218667417,0.57055780392,"BRCA","NT","RSEM",2475
"TCGA-A8-A093","MTOR",10.6288486729,-0.0886078119537,"BRCA","TP","RSEM",2475
"TCGA-A8-A095","MTOR",11.1020187936,1.04753154404,"BRCA","TP","RSEM",2475
"TCGA-A8-A097","MTOR",10.8613094207,0.423142933488,"BRCA","TP","RSEM",2475
"TCGA-A8-A06U","MTOR",10.5947724604,-0.156933300643,"BRCA","TP","RSEM",2475
"TCGA-A8-A099","MTOR",10.0036823405,-1.11790698001,"BRCA","TP","RSEM",2475
"TCGA-BH-A1EN","MTOR",10.3579813404,-0.589650859146,"BRCA","TP","RSEM",2475
"TCGA-BH-A1EN","MTOR",10.6393274123,-0.067270607568,"BRCA","NT","RSEM",2475
"TCGA-A8-A06Q","MTOR",11.3761430293,1.89778629997,"BRCA","TP","RSEM",2475
"TCGA-B6-A400","MTOR",9.62931599817,-1.55164085114,"BRCA","TP","RSEM",2475
"TCGA-A8-A06N","MTOR",11.2085102489,1.35879678652,"BRCA","TP","RSEM",2475
"TCGA-A2-A3Y0","MTOR",10.4768013796,-0.381389954615,"BRCA","TP","RSEM",2475
"TCGA-C8-A8HQ","MTOR",10.0661820475,-1.03388835265,"BRCA","TP","RSEM",2475
"TCGA-BH-A1ES","MTOR",10.8539486447,0.405642688198,"BRCA","TP","RSEM",2475
"TCGA-BH-A1ES","MTOR",9.70087904899,-1.47719068327,"BRCA","TM","RSEM",2475
"TCGA-B6-A0I6","MTOR",10.9211308672,0.568729069694,"BRCA","TP","RSEM",2475
"TCGA-B6-A0I9","MTOR",10.6991593652,0.0575753940543,"BRCA","TP","RSEM",2475
"TCGA-B6-A0I8","MTOR",10.6757636318,0.00814023267124,"BRCA","TP","RSEM",2475
"TCGA-EW-A1IY","MTOR",10.6640470434,-0.0163172621963,"BRCA","TP","RSEM",2475
"TCGA-AN-A04D","MTOR",9.48284767818,-1.69297448245,"BRCA","TP","RSEM",2475
"TCGA-AN-A04C","MTOR",10.3856746656,-0.542633183481,"BRCA","TP","RSEM",2475
"TCGA-D8-A1Y0","MTOR",10.3462002287,-0.609380781201,"BRCA","TP","RSEM",2475
"TCGA-B6-A0IP","MTOR",10.6658857954,-0.0124921335861,"BRCA","TP","RSEM",2475
"TCGA-AN-A046","MTOR",10.4070754629,-0.50567567185,"BRCA","TP","RSEM",2475
"TCGA-AN-A041","MTOR",10.9316145871,0.594870560195,"BRCA","TP","RSEM",2475
"TCGA-AN-A049","MTOR",10.2942356725,-0.694509071105,"BRCA","TP","RSEM",2475
"TCGA-B6-A0IA","MTOR",10.0630334184,-1.03820869798,"BRCA","TP","RSEM",2475
"TCGA-B6-A0IC","MTOR",10.9259045013,0.580608725388,"BRCA","TP","RSEM",2475
"TCGA-AC-A2FK","MTOR",11.0441244085,0.887708158256,"BRCA","TP","RSEM",2475
"TCGA-AC-A2FF","MTOR",10.8010769912,0.282530407217,"BRCA","TP","RSEM",2475
"TCGA-AC-A2FF","MTOR",10.9879998121,0.738774179578,"BRCA","NT","RSEM",2475
"TCGA-AC-A2FB","MTOR",11.1716972251,1.24858749821,"BRCA","TP","RSEM",2475
"TCGA-AC-A2FB","MTOR",10.6238657647,-0.0986999552681,"BRCA","NT","RSEM",2475
"TCGA-B6-A0IO","MTOR",10.2340694303,-0.78931821011,"BRCA","TP","RSEM",2475
"TCGA-B6-A0IN","MTOR",10.2784650234,-0.719743865823,"BRCA","TP","RSEM",2475
"TCGA-D8-A27R","MTOR",10.8575314043,0.41414954649,"BRCA","TP","RSEM",2475
"TCGA-E9-A5UO","MTOR",10.9384453277,0.612005724105,"BRCA","TP","RSEM",2475
"TCGA-AQ-A04H","MTOR",11.267991835,1.5429214678,"BRCA","TP","RSEM",2475
"TCGA-E2-A14X","MTOR",11.0058309044,0.785464853237,"BRCA","TP","RSEM",2475
"TCGA-AQ-A04J","MTOR",11.0039632307,0.780547253256,"BRCA","TP","RSEM",2475
"TCGA-E2-A15M","MTOR",10.6871316557,0.0320607344197,"BRCA","TP","RSEM",2475
"TCGA-E2-A15M","MTOR",10.7187479372,0.0995871108009,"BRCA","NT","RSEM",2475
"TCGA-E2-A15L","MTOR",10.8905660104,0.493589960913,"BRCA","TP","RSEM",2475
"TCGA-E2-A15I","MTOR",10.7754541518,0.224471006946,"BRCA","TP","RSEM",2475
"TCGA-E2-A15I","MTOR",10.5022674418,-0.334478383614,"BRCA","NT","RSEM",2475
"TCGA-E2-A15H","MTOR",10.242781117,-0.775834044856,"BRCA","TP","RSEM",2475
"TCGA-BH-A1FC","MTOR",10.6732678173,0.00291374611412,"BRCA","TP","RSEM",2475
"TCGA-BH-A1FC","MTOR",10.363214671,-0.580834744575,"BRCA","NT","RSEM",2475
"TCGA-E2-A15S","MTOR",10.453727758,-0.423185210452,"BRCA","TP","RSEM",2475
"TCGA-E2-A15R","MTOR",10.5558136632,-0.233096855505,"BRCA","TP","RSEM",2475
"TCGA-EW-A1P7","MTOR",10.5981295659,-0.150273476858,"BRCA","TP","RSEM",2475
"TCGA-AN-A0FK","MTOR",9.55713147013,-1.62308810912,"BRCA","TP","RSEM",2475
"TCGA-A8-A0AB","MTOR",11.0480291987,0.898287199978,"BRCA","TP","RSEM",2475
"TCGA-E2-A14Q","MTOR",10.749762101,0.167280962489,"BRCA","TP","RSEM",2475
"TCGA-BH-A0E7","MTOR",11.2812804942,1.58510417203,"BRCA","TP","RSEM",2475
"TCGA-AN-A0FW","MTOR",10.7304717506,0.125005462892,"BRCA","TP","RSEM",2475
"TCGA-AN-A0FS","MTOR",10.7515726784,0.171278002838,"BRCA","TP","RSEM",2475
"TCGA-BH-A0EE","MTOR",10.6719517916,0.000161494633998,"BRCA","TP","RSEM",2475
"TCGA-LL-A7SZ","MTOR",10.1173851852,-0.962290995388,"BRCA","TP","RSEM",2475
"TCGA-BH-A0E6","MTOR",9.87033589622,-1.2854482786,"BRCA","TP","RSEM",2475
"TCGA-BH-A201","MTOR",10.7248264884,0.11274020732,"BRCA","TP","RSEM",2475
"TCGA-BH-A209","MTOR",10.6367940729,-0.0724433023875,"BRCA","TP","RSEM",2475
"TCGA-BH-A209","MTOR",10.9572053052,0.659485343248,"BRCA","NT","RSEM",2475
"TCGA-Z7-A8R5","MTOR",9.77029883746,-1.40135431526,"BRCA","TP","RSEM",2475
"TCGA-B6-A0X4","MTOR",10.4478004683,-0.433814346885,"BRCA","TP","RSEM",2475
"TCGA-B6-A0X5","MTOR",10.7084702351,0.0774733459701,"BRCA","TP","RSEM",2475
"TCGA-E2-A156","MTOR",11.1968796358,1.32367318496,"BRCA","TP","RSEM",2475
"TCGA-E2-A154","MTOR",10.0459740706,-1.06145319841,"BRCA","TP","RSEM",2475
"TCGA-AR-A0U2","MTOR",11.1840645287,1.28529897272,"BRCA","TP","RSEM",2475
"TCGA-E9-A54Y","MTOR",9.51264210735,-1.66537525435,"BRCA","TP","RSEM",2475
"TCGA-BH-A1FN","MTOR",10.7618301875,0.194017489427,"BRCA","TP","RSEM",2475
"TCGA-BH-A1FN","MTOR",10.4077522287,-0.504497984015,"BRCA","NT","RSEM",2475
"TCGA-BH-A0RX","MTOR",9.845242733,-1.31528143505,"BRCA","TP","RSEM",2475
"TCGA-E9-A5FL","MTOR",10.0152529317,-1.10262587496,"BRCA","TP","RSEM",2475
"TCGA-C8-A274","MTOR",10.4584041523,-0.414768374758,"BRCA","TP","RSEM",2475
"TCGA-BH-A28Q","MTOR",11.1126648858,1.07762571057,"BRCA","TP","RSEM",2475
"TCGA-C8-A275","MTOR",10.8099561089,0.302891596571,"BRCA","TP","RSEM",2475
"TCGA-A7-A0CG","MTOR",10.6106366749,-0.125325016853,"BRCA","TP","RSEM",2475
"TCGA-C8-A278","MTOR",10.9285117132,0.587113643756,"BRCA","TP","RSEM",2475
"TCGA-OL-A66H","MTOR",10.0390928702,-1.07075177495,"BRCA","TP","RSEM",2475
"TCGA-S3-A6ZG","MTOR",10.2250361595,-0.803214408983,"BRCA","TP","RSEM",2475
"TCGA-C8-A1HE","MTOR",10.4173670001,-0.487706828434,"BRCA","TP","RSEM",2475
"TCGA-AN-A0FZ","MTOR",10.900820478,0.518621788869,"BRCA","TP","RSEM",2475
"TCGA-E2-A14O","MTOR",9.51305898576,-1.66498503319,"BRCA","TP","RSEM",2475
"TCGA-3C-AALI","MTOR",10.2695550983,-0.733879262319,"BRCA","TP","RSEM",2475
"TCGA-BH-A18F","MTOR",10.6978741403,0.0548388549373,"BRCA","TP","RSEM",2475
"TCGA-C8-A27A","MTOR",11.3849465162,1.92786013286,"BRCA","TP","RSEM",2475
"TCGA-E9-A1NG","MTOR",10.4164028696,-0.489395630202,"BRCA","TP","RSEM",2475
"TCGA-E9-A1NG","MTOR",10.6802510316,0.0175600716917,"BRCA","NT","RSEM",2475
"TCGA-LQ-A4E4","MTOR",9.8865702659,-1.26586901038,"BRCA","TP","RSEM",2475
"TCGA-AC-A23E","MTOR",10.6593202177,-0.0261280617837,"BRCA","TP","RSEM",2475
"TCGA-BH-A8FZ","MTOR",10.7344257946,0.133624895645,"BRCA","TP","RSEM",2475
"TCGA-AC-A23G","MTOR",10.1950502875,-0.848723882631,"BRCA","TP","RSEM",2475
"TCGA-E2-A1IU","MTOR",10.6397729097,-0.0663600299072,"BRCA","TP","RSEM",2475
"TCGA-AC-A23C","MTOR",11.5055659077,2.35893935401,"BRCA","TP","RSEM",2475
"TCGA-BH-A0HU","MTOR",9.82014193702,-1.34460902311,"BRCA","TP","RSEM",2475
"TCGA-AO-A03N","MTOR",9.33755612073,-1.81968859163,"BRCA","TP","RSEM",2475
"TCGA-EW-A1OW","MTOR",10.2365867301,-0.785430232047,"BRCA","TP","RSEM",2475
"TCGA-A8-A094","MTOR",11.0018257414,0.774927033362,"BRCA","TP","RSEM",2475
"TCGA-AO-A12F","MTOR",10.4058852807,-0.507745452213,"BRCA","TP","RSEM",2475
"TCGA-E2-A14P","MTOR",10.7255638586,0.114339541043,"BRCA","TP","RSEM",2475
"TCGA-A2-A0D1","MTOR",11.0310291438,0.852438154434,"BRCA","TP","RSEM",2475
"TCGA-A8-A06X","MTOR",11.1841781817,1.28563780521,"BRCA","TP","RSEM",2475
"TCGA-A2-A0D0","MTOR",10.5606160906,-0.223818982307,"BRCA","TP","RSEM",2475
"TCGA-D8-A3Z5","MTOR",10.4964498661,-0.345268155855,"BRCA","TP","RSEM",2475
"TCGA-A2-A0D3","MTOR",10.7811905148,0.237379730004,"BRCA","TP","RSEM",2475
"TCGA-BH-A18L","MTOR",11.2678962395,1.54261942073,"BRCA","TP","RSEM",2475
"TCGA-BH-A18L","MTOR",10.6802493611,0.0175565595164,"BRCA","NT","RSEM",2475
"TCGA-BH-A0EA","MTOR",10.7845100356,0.244873233295,"BRCA","TP","RSEM",2475
"TCGA-LL-A442","MTOR",10.4722029207,-0.389772962515,"BRCA","TP","RSEM",2475
"TCGA-B6-A0X7","MTOR",10.7962306843,0.271469827775,"BRCA","TP","RSEM",2475
"TCGA-LL-A441","MTOR",10.2243067068,-0.804332759541,"BRCA","TP","RSEM",2475
"TCGA-AQ-A54N","MTOR",9.78210300179,-1.38809215646,"BRCA","TP","RSEM",2475
"TCGA-E2-A56Z","MTOR",9.88553958993,-1.26711860539,"BRCA","TP","RSEM",2475
"TCGA-A2-A0CM","MTOR",11.1243641321,1.110954036,"BRCA","TP","RSEM",2475
"TCGA-E2-A1LA","MTOR",9.35360029872,-1.80631441292,"BRCA","TP","RSEM",2475
"TCGA-E2-A572","MTOR",9.47011788909,-1.70459368262,"BRCA","TP","RSEM",2475
"TCGA-A2-A259","MTOR",10.8912368941,0.495222198173,"BRCA","TP","RSEM",2475
"TCGA-E2-A574","MTOR",9.69690894815,-1.48141841808,"BRCA","TP","RSEM",2475
"TCGA-A2-A0EX","MTOR",10.8101974173,0.30344670512,"BRCA","TP","RSEM",2475
"TCGA-B6-A0IM","MTOR",11.2067877065,1.35357695462,"BRCA","TP","RSEM",2475
"TCGA-A2-A0EW","MTOR",10.7657465603,0.20274228744,"BRCA","TP","RSEM",2475
"TCGA-A2-A0CX","MTOR",10.2565475582,-0.754359311079,"BRCA","TP","RSEM",2475
"TCGA-A2-A0ER","MTOR",11.2732394485,1.55953276304,"BRCA","TP","RSEM",2475
"TCGA-A2-A0CW","MTOR",10.6450995275,-0.0554508437059,"BRCA","TP","RSEM",2475
"TCGA-A2-A0EQ","MTOR",10.7779579133,0.230098990596,"BRCA","TP","RSEM",2475
"TCGA-A2-A0CQ","MTOR",10.3485027708,-0.605537352309,"BRCA","TP","RSEM",2475
"TCGA-AC-A2B8","MTOR",11.0054010405,0.784332453978,"BRCA","TP","RSEM",2475
"TCGA-A2-A0CR","MTOR",9.62589400748,-1.55510921668,"BRCA","TP","RSEM",2475
"TCGA-E2-A1LH","MTOR",10.3785932277,-0.554742054826,"BRCA","TP","RSEM",2475
"TCGA-E2-A1LH","MTOR",10.7635281812,0.197797329461,"BRCA","NT","RSEM",2475
"TCGA-XX-A899","MTOR",10.7087580059,0.0780903797158,"BRCA","TP","RSEM",2475
"TCGA-EW-A2FR","MTOR",10.2833785996,-0.711911160338,"BRCA","TP","RSEM",2475
"TCGA-S3-A6ZF","MTOR",10.4295180518,-0.466325629431,"BRCA","TP","RSEM",2475
"TCGA-C8-A12Y","MTOR",10.2847610713,-0.709702556625,"BRCA","TP","RSEM",2475
"TCGA-AC-A2BK","MTOR",10.5798255055,-0.186397678685,"BRCA","TP","RSEM",2475
"TCGA-C8-A12T","MTOR",11.0422994621,0.882773736803,"BRCA","TP","RSEM",2475
"TCGA-BH-A18T","MTOR",10.8459806407,0.386799128279,"BRCA","TP","RSEM",2475
"TCGA-AO-A124","MTOR",9.67541689123,-1.50410429778,"BRCA","TP","RSEM",2475
"TCGA-AC-A2BM","MTOR",10.6905034374,0.0391919291004,"BRCA","TP","RSEM",2475
"TCGA-A7-A6VV","MTOR",10.9881044391,0.73904646559,"BRCA","TP","RSEM",2475
"TCGA-E2-A1AZ","MTOR",11.1326997652,1.13486566489,"BRCA","TP","RSEM",2475
"TCGA-D8-A1XK","MTOR",10.6331907835,-0.0797850427351,"BRCA","TP","RSEM",2475
"TCGA-BH-A0BS","MTOR",11.1430898617,1.16486481783,"BRCA","TP","RSEM",2475
"TCGA-BH-A0BS","MTOR",10.6694861296,-0.0049882786204,"BRCA","NT","RSEM",2475
"TCGA-D8-A1XB","MTOR",11.0762291158,0.975543780766,"BRCA","TP","RSEM",2475
"TCGA-E2-A107","MTOR",10.081224835,-1.01311697819,"BRCA","TP","RSEM",2475
"TCGA-D8-A1XA","MTOR",11.2419275733,1.4613046138,"BRCA","TP","RSEM",2475
"TCGA-LL-A9Q3","MTOR",9.81427627126,-1.35138918511,"BRCA","TP","RSEM",2475
"TCGA-D8-A1XF","MTOR",10.8516088246,0.400098442201,"BRCA","TP","RSEM",2475
"TCGA-A2-A25A","MTOR",10.5609471386,-0.223178287591,"BRCA","TP","RSEM",2475
"TCGA-D8-A1XY","MTOR",9.93543087004,-1.2055941669,"BRCA","TP","RSEM",2475
"TCGA-A2-A25B","MTOR",10.8806185707,0.469477028928,"BRCA","TP","RSEM",2475
"TCGA-D8-A1XS","MTOR",10.9066157811,0.532847392815,"BRCA","TP","RSEM",2475
"TCGA-A2-A25C","MTOR",10.3160693551,-0.659114292634,"BRCA","TP","RSEM",2475
"TCGA-D8-A1XR","MTOR",10.5404604306,-0.262551621278,"BRCA","TP","RSEM",2475
"TCGA-A2-A25D","MTOR",11.009878712,0.796144638936,"BRCA","TP","RSEM",2475
"TCGA-D8-A1XQ","MTOR",10.1403016656,-0.929414446611,"BRCA","TP","RSEM",2475
"TCGA-A2-A25E","MTOR",11.0586810337,0.927291667907,"BRCA","TP","RSEM",2475
"TCGA-D8-A1XU","MTOR",11.3065273563,1.66632451993,"BRCA","TP","RSEM",2475
"TCGA-A2-A25F","MTOR",10.9851594833,0.731389923424,"BRCA","TP","RSEM",2475
"TCGA-A8-A086","MTOR",10.6022315603,-0.142114878475,"BRCA","TP","RSEM",2475
"TCGA-AR-A24Z","MTOR",11.2646426283,1.53235111409,"BRCA","TP","RSEM",2475
"TCGA-AR-A24X","MTOR",10.9230442674,0.573486033868,"BRCA","TP","RSEM",2475
"TCGA-C8-A1HF","MTOR",10.7743017977,0.221884012557,"BRCA","TP","RSEM",2475
"TCGA-BH-A0BO","MTOR",10.4940257212,-0.349751355207,"BRCA","TP","RSEM",2475
"TCGA-BH-A1F6","MTOR",10.8474701234,0.390313706652,"BRCA","TP","RSEM",2475
"TCGA-BH-A1F6","MTOR",10.9226515188,0.572509094579,"BRCA","NT","RSEM",2475
"TCGA-AR-A24S","MTOR",10.7383461448,0.142194233688,"BRCA","TP","RSEM",2475
"TCGA-E2-A155","MTOR",11.3576425001,1.83518103575,"BRCA","TP","RSEM",2475
"TCGA-AR-A24R","MTOR",10.9537048087,0.650579021228,"BRCA","TP","RSEM",2475
"TCGA-AR-A24Q","MTOR",10.1182913244,-0.961000917943,"BRCA","TP","RSEM",2475
"TCGA-BH-A1F2","MTOR",9.29730538387,-1.85259360752,"BRCA","TP","RSEM",2475
"TCGA-BH-A1F2","MTOR",10.7696610076,0.211486494842,"BRCA","NT","RSEM",2475
"TCGA-AR-A24P","MTOR",11.0036816378,0.779806369118,"BRCA","TP","RSEM",2475
"TCGA-BH-A0W7","MTOR",10.427594336,-0.469722642357,"BRCA","TP","RSEM",2475
"TCGA-AR-A24W","MTOR",10.7642564072,0.199419769601,"BRCA","TP","RSEM",2475
"TCGA-AR-A2LR","MTOR",10.8641051069,0.429813108947,"BRCA","TP","RSEM",2475
"TCGA-AR-A24V","MTOR",10.6154024107,-0.115761548348,"BRCA","TP","RSEM",2475
"TCGA-BH-A1FB","MTOR",11.2523044179,1.49362180245,"BRCA","TP","RSEM",2475
"TCGA-BH-A1FB","MTOR",10.6705260467,-0.00281738457899,"BRCA","NT","RSEM",2475
"TCGA-AR-A24U","MTOR",11.0309407534,0.852201175026,"BRCA","TP","RSEM",2475
"TCGA-AR-A24T","MTOR",10.1332935397,-0.939523965951,"BRCA","TP","RSEM",2475
"TCGA-A8-A08C","MTOR",10.9223898004,0.57185823304,"BRCA","TP","RSEM",2475
"TCGA-AR-A24K","MTOR",11.0125153201,0.803117231174,"BRCA","TP","RSEM",2475
"TCGA-A8-A08A","MTOR",10.9585352435,0.662874777269,"BRCA","TP","RSEM",2475
"TCGA-E9-A3QA","MTOR",10.302744352,-0.680779238431,"BRCA","TP","RSEM",2475
"TCGA-A8-A08F","MTOR",11.0965688354,1.03221143536,"BRCA","TP","RSEM",2475
"TCGA-AR-A24H","MTOR",10.8227667087,0.332489991829,"BRCA","TP","RSEM",2475
"TCGA-AR-A24O","MTOR",10.7743979241,0.222099734061,"BRCA","TP","RSEM",2475
"TCGA-AO-A1KP","MTOR",9.42140678086,-1.74812025603,"BRCA","TP","RSEM",2475
"TCGA-AR-A24N","MTOR",11.1264378464,1.11688979712,"BRCA","TP","RSEM",2475
"TCGA-C8-A1HO","MTOR",11.0944823227,1.02636144526,"BRCA","TP","RSEM",2475
"TCGA-AR-A24M","MTOR",10.7473224407,0.161903082691,"BRCA","TP","RSEM",2475
"TCGA-AR-A24L","MTOR",10.453201276,-0.424131094717,"BRCA","TP","RSEM",2475
"TCGA-A2-A1FX","MTOR",10.573454626,-0.198863867655,"BRCA","TP","RSEM",2475
"TCGA-BH-A0BJ","MTOR",10.7891820573,0.255449132545,"BRCA","TP","RSEM",2475
"TCGA-BH-A0BJ","MTOR",10.8508226244,0.398237543844,"BRCA","NT","RSEM",2475
"TCGA-B6-A0RQ","MTOR",10.6662402497,-0.0117542070693,"BRCA","TP","RSEM",2475
"TCGA-D8-A1JE","MTOR",10.4253650965,-0.473653505929,"BRCA","TP","RSEM",2475
"TCGA-A8-A09Q","MTOR",10.9369460981,0.608237899407,"BRCA","TP","RSEM",2475
"TCGA-GM-A2DL","MTOR",10.5387914976,-0.265734576362,"BRCA","TP","RSEM",2475
"TCGA-A8-A09R","MTOR",11.052715641,0.911021793082,"BRCA","TP","RSEM",2475
"TCGA-C8-A1HJ","MTOR",10.3065819231,-0.674560285073,"BRCA","TP","RSEM",2475
"TCGA-A8-A09T","MTOR",10.7210078208,0.104470698137,"BRCA","TP","RSEM",2475
"TCGA-D8-A1X7","MTOR",11.1365542655,1.14596949954,"BRCA","TP","RSEM",2475
"TCGA-A8-A09V","MTOR",10.8287765084,0.346466231328,"BRCA","TP","RSEM",2475
"TCGA-D8-A1X6","MTOR",10.5087770425,-0.322353430204,"BRCA","TP","RSEM",2475
"TCGA-A8-A09W","MTOR",10.1331022583,-0.939799209584,"BRCA","TP","RSEM",2475
"TCGA-AQ-A1H3","MTOR",11.0728546421,0.966219325033,"BRCA","TP","RSEM",2475
"TCGA-A8-A09X","MTOR",10.1548416476,-0.908282612055,"BRCA","TP","RSEM",2475
"TCGA-BH-A0B9","MTOR",10.4703733569,-0.393100841042,"BRCA","TP","RSEM",2475
"TCGA-AR-A2LJ","MTOR",9.82119296104,-1.34339122254,"BRCA","TP","RSEM",2475
"TCGA-BH-A0AU","MTOR",11.1767851983,1.26365269691,"BRCA","TP","RSEM",2475
"TCGA-BH-A0AU","MTOR",10.8245741562,0.33668722617,"BRCA","NT","RSEM",2475
"TCGA-A8-A09Z","MTOR",10.7519477731,0.172106691358,"BRCA","TP","RSEM",2475
"TCGA-AR-A2LH","MTOR",10.902997962,0.523960110481,"BRCA","TP","RSEM",2475
"TCGA-BH-A0H6","MTOR",10.5334828523,-0.275834668283,"BRCA","TP","RSEM",2475
"TCGA-AR-A2LO","MTOR",10.2548866545,-0.756961093575,"BRCA","TP","RSEM",2475
"TCGA-D8-A1JU","MTOR",10.2643582646,-0.742083703833,"BRCA","TP","RSEM",2475
"TCGA-AR-A2LN","MTOR",10.658626555,-0.0275650960376,"BRCA","TP","RSEM",2475
"TCGA-D8-A1JG","MTOR",11.7581998082,3.38752407166,"BRCA","TP","RSEM",2475
"TCGA-AR-A2LM","MTOR",10.9753027354,0.705876927452,"BRCA","TP","RSEM",2475
"TCGA-AR-A2LL","MTOR",10.5604363033,-0.224166872514,"BRCA","TP","RSEM",2475
"TCGA-A7-A426","MTOR",10.1446610467,-0.923101034223,"BRCA","TP","RSEM",2475
"TCGA-A8-A09A","MTOR",10.804454139,0.290259965659,"BRCA","TP","RSEM",2475
"TCGA-A7-A56D","MTOR",9.13120798764,-1.9790725858,"BRCA","TP","RSEM",2475
"TCGA-A8-A09B","MTOR",10.8367891919,0.365191116692,"BRCA","TP","RSEM",2475
"TCGA-OL-A5RX","MTOR",10.449652675,-0.430497559438,"BRCA","TP","RSEM",2475
"TCGA-A8-A09C","MTOR",10.2772991416,-0.721598479236,"BRCA","TP","RSEM",2475
"TCGA-A8-A09D","MTOR",10.9755848348,0.706604687145,"BRCA","TP","RSEM",2475
"TCGA-BH-A0HI","MTOR",10.5902374674,-0.165905244886,"BRCA","TP","RSEM",2475
"TCGA-A8-A09E","MTOR",10.0768550035,-1.01917326238,"BRCA","TP","RSEM",2475
"TCGA-BH-A0HK","MTOR",10.2678128077,-0.736633177462,"BRCA","TP","RSEM",2475
"TCGA-BH-A0HK","MTOR",10.8828508803,0.474873763562,"BRCA","NT","RSEM",2475
"TCGA-E9-A1ND","MTOR",10.7100780159,0.08092230212,"BRCA","TP","RSEM",2475
"TCGA-E9-A1ND","MTOR",10.2090542542,-0.827587796494,"BRCA","NT","RSEM",2475
"TCGA-BH-A0HN","MTOR",9.71330368004,-1.463884345,"BRCA","TP","RSEM",2475
"TCGA-BH-A0DS","MTOR",10.1981355962,-0.844084853607,"BRCA","TP","RSEM",2475
"TCGA-A8-A090","MTOR",10.6941685047,0.0469623396866,"BRCA","TP","RSEM",2475
"TCGA-A8-A0A9","MTOR",10.9911266097,0.74692002322,"BRCA","TP","RSEM",2475
"TCGA-A8-A06Y","MTOR",9.83860942022,-1.32308142185,"BRCA","TP","RSEM",2475
"TCGA-BH-A0HB","MTOR",10.2223646862,-0.807307387173,"BRCA","TP","RSEM",2475
"TCGA-A8-A06R","MTOR",10.1219269024,-0.955816762341,"BRCA","TP","RSEM",2475
"TCGA-BH-A0HX","MTOR",10.7722549347,0.217293969135,"BRCA","TP","RSEM",2475
"TCGA-E2-A2P6","MTOR",9.23562080649,-1.9012725421,"BRCA","TP","RSEM",2475
"TCGA-C8-A8HP","MTOR",10.3720289034,-0.565913729919,"BRCA","TP","RSEM",2475
"TCGA-BH-A0HW","MTOR",10.664467907,-0.0154421759913,"BRCA","TP","RSEM",2475
"TCGA-C8-A8HR","MTOR",10.4142820704,-0.493106520689,"BRCA","TP","RSEM",2475
"TCGA-C8-A26V","MTOR",11.1933021629,1.31292629823,"BRCA","TP","RSEM",2475
"TCGA-EW-A1P8","MTOR",10.8186566269,0.322965157252,"BRCA","TP","RSEM",2475
"TCGA-AO-A0J7","MTOR",9.87353547005,-1.28160688308,"BRCA","TP","RSEM",2475
"TCGA-EW-A1PF","MTOR",10.6783527736,0.0135717193554,"BRCA","TP","RSEM",2475
"TCGA-EW-A1PE","MTOR",10.7319191522,0.128157917505,"BRCA","TP","RSEM",2475
"TCGA-PL-A8LX","MTOR",10.2314382888,-0.793374772588,"BRCA","TP","RSEM",2475
"TCGA-EW-A1PD","MTOR",11.2222482654,1.40065100994,"BRCA","TP","RSEM",2475
"TCGA-LD-A7W6","MTOR",10.52600952,-0.289990398426,"BRCA","TP","RSEM",2475
"TCGA-AC-A3QP","MTOR",9.94468219673,-1.1939500118,"BRCA","TP","RSEM",2475
"TCGA-EW-A1PC","MTOR",10.7773983445,0.228840337877,"BRCA","TP","RSEM",2475
"TCGA-E9-A1RC","MTOR",10.5296009734,-0.283196742277,"BRCA","TP","RSEM",2475
"TCGA-E9-A1RC","MTOR",10.9286214106,0.58738759343,"BRCA","NT","RSEM",2475
"TCGA-EW-A1PB","MTOR",9.86271111752,-1.29456828876,"BRCA","TP","RSEM",2475
"TCGA-E9-A1RB","MTOR",11.0419881006,0.881932478392,"BRCA","TP","RSEM",2475
"TCGA-E9-A1RB","MTOR",10.9112584987,0.544285068974,"BRCA","NT","RSEM",2475
"TCGA-B6-A401","MTOR",10.3469890129,-0.60806482457,"BRCA","TP","RSEM",2475
"TCGA-E9-A1R3","MTOR",10.3471841757,-0.607739116523,"BRCA","TP","RSEM",2475
"TCGA-EW-A1IW","MTOR",10.3202267407,-0.652313796986,"BRCA","TP","RSEM",2475
"TCGA-C8-A12N","MTOR",10.472221811,-0.389738580167,"BRCA","TP","RSEM",2475
"TCGA-AC-A3EH","MTOR",10.4830468739,-0.369961521022,"BRCA","TP","RSEM",2475
"TCGA-E9-A1R0","MTOR",10.5117670806,-0.316765744144,"BRCA","TP","RSEM",2475
"TCGA-E9-A1RH","MTOR",10.7389233436,0.143457877392,"BRCA","TP","RSEM",2475
"TCGA-E9-A1RH","MTOR",10.8712242234,0.446856956299,"BRCA","NT","RSEM",2475
"TCGA-BH-A5J0","MTOR",9.95908344258,-1.17567468488,"BRCA","TP","RSEM",2475
"TCGA-BH-A42V","MTOR",10.5399983937,-0.26343317728,"BRCA","TP","RSEM",2475
"TCGA-AQ-A04L","MTOR",11.4248769613,2.066595309,"BRCA","TP","RSEM",2475
"TCGA-BH-A42T","MTOR",9.47050737804,-1.70423969232,"BRCA","TP","RSEM",2475
"TCGA-B6-A0I1","MTOR",8.92845678737,-2.11497251222,"BRCA","TP","RSEM",2475
"TCGA-B6-A0RI","MTOR",11.00207752,0.775588616278,"BRCA","TP","RSEM",2475
"TCGA-B6-A0I5","MTOR",10.0306314132,-1.08212512285,"BRCA","TP","RSEM",2475
"TCGA-B6-A0RL","MTOR",10.6748712522,0.00627046144944,"BRCA","TP","RSEM",2475
"TCGA-B6-A0RM","MTOR",10.7989627685,0.277700611618,"BRCA","TP","RSEM",2475
"TCGA-AN-A04A","MTOR",10.6512251092,-0.0428554436554,"BRCA","TP","RSEM",2475
"TCGA-BH-A0EI","MTOR",10.9322415531,0.596439948003,"BRCA","TP","RSEM",2475
"TCGA-D8-A1Y1","MTOR",10.1630211429,-0.896300918426,"BRCA","TP","RSEM",2475
"TCGA-AR-A0TZ","MTOR",10.3756340946,-0.559784429457,"BRCA","TP","RSEM",2475
"TCGA-D8-A1Y2","MTOR",10.7253882433,0.113958562448,"BRCA","TP","RSEM",2475
"TCGA-B6-A0RV","MTOR",10.8394070268,0.371331323383,"BRCA","TP","RSEM",2475
"TCGA-AR-A0TP","MTOR",10.8702352411,0.444484204603,"BRCA","TP","RSEM",2475
"TCGA-D8-A1Y3","MTOR",10.542490031,-0.258675843403,"BRCA","TP","RSEM",2475
"TCGA-AR-A0TU","MTOR",10.2275385725,-0.799373568009,"BRCA","TP","RSEM",2475
"TCGA-B6-A0IQ","MTOR",10.5473035834,-0.249461928766,"BRCA","TP","RSEM",2475
"TCGA-AN-A0FJ","MTOR",11.5798931359,2.64309208194,"BRCA","TP","RSEM",2475
"TCGA-AC-A2FM","MTOR",10.1300747362,-0.944150794787,"BRCA","TP","RSEM",2475
"TCGA-AC-A2FM","MTOR",9.86654283937,-1.28999118494,"BRCA","NT","RSEM",2475
"TCGA-E2-A14S","MTOR",10.7979862578,0.275472228813,"BRCA","TP","RSEM",2475
"TCGA-4H-AAAK","MTOR",10.5301365016,-0.282182278168,"BRCA","TP","RSEM",2475
"TCGA-B6-A0IG","MTOR",9.9225811323,-1.22164406864,"BRCA","TP","RSEM",2475
"TCGA-OK-A5Q2","MTOR",10.3299996688,-0.636250216247,"BRCA","TP","RSEM",2475
"TCGA-AC-A2FG","MTOR",10.5760698077,-0.193753282882,"BRCA","TP","RSEM",2475
"TCGA-B6-A0IK","MTOR",11.0137623946,0.806419600217,"BRCA","TP","RSEM",2475
"TCGA-D8-A73U","MTOR",10.2391731758,-0.781428385563,"BRCA","TP","RSEM",2475
"TCGA-BH-A0BG","MTOR",10.8923312919,0.497886460419,"BRCA","TP","RSEM",2475
"TCGA-C8-A1HM","MTOR",10.1338864921,-0.938670507351,"BRCA","TP","RSEM",2475
"TCGA-BH-A1FH","MTOR",10.8443388857,0.382929450498,"BRCA","TP","RSEM",2475
"TCGA-BH-A1FH","MTOR",10.2482332232,-0.767353620304,"BRCA","NT","RSEM",2475
"TCGA-A1-A0SP","MTOR",11.8475081766,3.79642926645,"BRCA","TP","RSEM",2475
"TCGA-D8-A1JM","MTOR",10.2590200875,-0.750480575583,"BRCA","TP","RSEM",2475
"TCGA-GM-A2DA","MTOR",10.1861612966,-0.862033917931,"BRCA","TP","RSEM",2475
"TCGA-E9-A227","MTOR",10.7465185199,0.160132946337,"BRCA","TP","RSEM",2475
"TCGA-GM-A2DD","MTOR",10.5435725362,-0.256606432743,"BRCA","TP","RSEM",2475
"TCGA-EW-A1P0","MTOR",11.2815105415,1.58583784697,"BRCA","TP","RSEM",2475
"TCGA-GM-A2DF","MTOR",10.3361390888,-0.626103172087,"BRCA","TP","RSEM",2475
"TCGA-E2-A15O","MTOR",10.1073759856,-0.976487392824,"BRCA","TP","RSEM",2475
"TCGA-A1-A0SB","MTOR",11.0748102605,0.971620496099,"BRCA","TP","RSEM",2475
"TCGA-E2-A15K","MTOR",10.9004109892,0.517618785542,"BRCA","TP","RSEM",2475
"TCGA-E2-A15K","MTOR",10.7257918455,0.114834203207,"BRCA","TM","RSEM",2475
"TCGA-E2-A15K","MTOR",10.1767199478,-0.876081510044,"BRCA","NT","RSEM",2475
"TCGA-A1-A0SM","MTOR",9.93308335611,-1.2085370001,"BRCA","TP","RSEM",2475
"TCGA-E2-A14Z","MTOR",11.0367896492,0.867913723086,"BRCA","TP","RSEM",2475
"TCGA-BH-A5IZ","MTOR",10.9955100994,0.758369529864,"BRCA","TP","RSEM",2475
"TCGA-BH-A0BD","MTOR",10.9053269792,0.529678856135,"BRCA","TP","RSEM",2475
"TCGA-C8-A134","MTOR",10.3876798275,-0.539193654749,"BRCA","TP","RSEM",2475
"TCGA-C8-A137","MTOR",11.1932027817,1.31262813303,"BRCA","TP","RSEM",2475
"TCGA-E2-A15E","MTOR",11.16621136,1.23240357925,"BRCA","TP","RSEM",2475
"TCGA-E2-A15E","MTOR",11.0911340551,1.0169915161,"BRCA","TM","RSEM",2475
"TCGA-AN-A0FY","MTOR",11.0636831196,0.940986193977,"BRCA","TP","RSEM",2475
"TCGA-E2-A15C","MTOR",11.054739967,0.916535353757,"BRCA","TP","RSEM",2475
"TCGA-D8-A4Z1","MTOR",11.1216069453,1.10307511769,"BRCA","TP","RSEM",2475
"TCGA-E2-A15A","MTOR",10.7378811613,0.141176627106,"BRCA","TP","RSEM",2475
"TCGA-E2-A15A","MTOR",10.5277020919,-0.286790806723,"BRCA","TM","RSEM",2475
"TCGA-GM-A2D9","MTOR",10.3539728297,-0.596382035544,"BRCA","TP","RSEM",2475
"TCGA-OL-A66N","MTOR",9.26210048456,-1.88063056357,"BRCA","TP","RSEM",2475
"TCGA-AC-A6IW","MTOR",10.272846931,-0.728667009315,"BRCA","TP","RSEM",2475
"TCGA-E9-A1NH","MTOR",10.4477966464,-0.433821186385,"BRCA","TP","RSEM",2475
"TCGA-AC-A6IV","MTOR",10.2224551353,-0.807168933525,"BRCA","TP","RSEM",2475
"TCGA-E2-A14U","MTOR",10.6851302793,0.0278357723787,"BRCA","TP","RSEM",2475
"TCGA-A2-A3XU","MTOR",9.22188070521,-1.91183513206,"BRCA","TP","RSEM",2475
"TCGA-AC-A6IX","MTOR",10.3717195887,-0.566438892552,"BRCA","TP","RSEM",2475
"TCGA-AC-A6IX","MTOR",10.1080489686,-0.975535963019,"BRCA","TM","RSEM",2475
"TCGA-AO-A0J3","MTOR",10.1452860354,-0.92219433844,"BRCA","TP","RSEM",2475
"TCGA-AN-A0FN","MTOR",10.3562792987,-0.592511248655,"BRCA","TP","RSEM",2475
"TCGA-B6-A0WZ","MTOR",10.5000398607,-0.338614986719,"BRCA","TP","RSEM",2475
"TCGA-E9-A226","MTOR",9.83816738448,-1.32359992984,"BRCA","TP","RSEM",2475
"TCGA-E2-A3DX","MTOR",10.8820347426,0.472899736189,"BRCA","TP","RSEM",2475
"TCGA-B6-A0WY","MTOR",10.4483714653,-0.432792303872,"BRCA","TP","RSEM",2475
"TCGA-AC-A2QH","MTOR",11.0160411995,0.812461465999,"BRCA","TP","RSEM",2475
"TCGA-B6-A0WX","MTOR",9.61446747307,-1.56663118504,"BRCA","TP","RSEM",2475
"TCGA-BH-A1EW","MTOR",11.1172686793,1.09070856358,"BRCA","TP","RSEM",2475
"TCGA-BH-A1EW","MTOR",10.9307724437,0.592763624714,"BRCA","NT","RSEM",2475
"TCGA-A7-A5ZW","MTOR",9.8485337472,-1.31139826313,"BRCA","TP","RSEM",2475
"TCGA-EW-A1P1","MTOR",10.6745288871,0.00555342313314,"BRCA","TP","RSEM",2475
"TCGA-A7-A5ZV","MTOR",10.0371311069,-1.07339459445,"BRCA","TP","RSEM",2475
"TCGA-BH-A0EB","MTOR",10.42629516,-0.472014244318,"BRCA","TP","RSEM",2475
"TCGA-A7-A5ZX","MTOR",9.93430167948,-1.20701031295,"BRCA","TP","RSEM",2475
"TCGA-E9-A1N5","MTOR",11.112309893,1.07661864052,"BRCA","TP","RSEM",2475
"TCGA-E9-A1N5","MTOR",11.0651929474,0.945129082027,"BRCA","NT","RSEM",2475
"TCGA-AC-A8OR","MTOR",10.4432466165,-0.44195094796,"BRCA","TP","RSEM",2475
"TCGA-BH-A202","MTOR",10.9635304059,0.675633216194,"BRCA","TP","RSEM",2475
"TCGA-AC-A8OQ","MTOR",10.5463522866,-0.251285302304,"BRCA","TP","RSEM",2475
"TCGA-BH-A203","MTOR",11.0978942569,1.03593193812,"BRCA","TP","RSEM",2475
"TCGA-BH-A203","MTOR",11.0022494977,0.776040577785,"BRCA","NT","RSEM",2475
"TCGA-AC-A8OP","MTOR",10.1560150493,-0.906567931101,"BRCA","TP","RSEM",2475
"TCGA-E2-A576","MTOR",9.26236620629,-1.88042149672,"BRCA","TP","RSEM",2475
"TCGA-EW-A1OX","MTOR",11.1666969945,1.23383377401,"BRCA","TP","RSEM",2475
"TCGA-BH-A0GZ","MTOR",9.45362231237,-1.71949843036,"BRCA","TP","RSEM",2475
"TCGA-A8-A083","MTOR",10.8491511799,0.394284682963,"BRCA","TP","RSEM",2475
"TCGA-E9-A22D","MTOR",10.4779007078,-0.379381914597,"BRCA","TP","RSEM",2475
"TCGA-A2-A1G1","MTOR",10.9191328232,0.563768399352,"BRCA","TP","RSEM",2475
"TCGA-BH-A208","MTOR",10.5064312637,-0.32672904608,"BRCA","TP","RSEM",2475
"TCGA-BH-A208","MTOR",10.8956909963,0.506078147191,"BRCA","NT","RSEM",2475
"TCGA-AR-A1AW","MTOR",10.9495910319,0.640139911963,"BRCA","TP","RSEM",2475
"TCGA-AR-A1AT","MTOR",10.4546260481,-0.421570534068,"BRCA","TP","RSEM",2475
"TCGA-E9-A22A","MTOR",10.2330681359,-0.790862827839,"BRCA","TP","RSEM",2475
"TCGA-AR-A1AR","MTOR",11.4083260783,2.00862426767,"BRCA","TP","RSEM",2475
"TCGA-E9-A22B","MTOR",10.6344751989,-0.0771701357946,"BRCA","TP","RSEM",2475
"TCGA-Z7-A8R6","MTOR",10.484443193,-0.367399666414,"BRCA","TP","RSEM",2475
"TCGA-EW-A3U0","MTOR",10.1945670266,-0.84944960896,"BRCA","TP","RSEM",2475
"TCGA-BH-A0HO","MTOR",10.8804873308,0.469160008894,"BRCA","TP","RSEM",2475
"TCGA-AN-A0AS","MTOR",10.4676918443,-0.39797074938,"BRCA","TP","RSEM",2475
"TCGA-D8-A27W","MTOR",10.9691437252,0.690023337826,"BRCA","TP","RSEM",2475
"TCGA-BH-A0C7","MTOR",10.3545583876,-0.595399920418,"BRCA","TP","RSEM",2475
"TCGA-AN-A0AM","MTOR",10.735881334,0.136803783999,"BRCA","TP","RSEM",2475
"TCGA-E2-A159","MTOR",11.6289323562,2.83874612564,"BRCA","TP","RSEM",2475
"TCGA-AO-A0JB","MTOR",9.57099773263,-1.60963943532,"BRCA","TP","RSEM",2475
"TCGA-A7-A4SE","MTOR",9.68673074473,-1.49220412359,"BRCA","TP","RSEM",2475
"TCGA-E2-A158","MTOR",10.5111039869,-0.318005911729,"BRCA","TP","RSEM",2475
"TCGA-E2-A158","MTOR",10.8316152287,0.35308816059,"BRCA","NT","RSEM",2475
"TCGA-A8-A0A2","MTOR",10.5592332919,-0.226493596228,"BRCA","TP","RSEM",2475
"TCGA-AR-A0U3","MTOR",10.6770090406,0.0107516274365,"BRCA","TP","RSEM",2475
"TCGA-E9-A54X","MTOR",10.1082285694,-0.975281977289,"BRCA","TP","RSEM",2475
"TCGA-BH-A0HA","MTOR",9.97728264286,-1.15231724029,"BRCA","TP","RSEM",2475
"TCGA-BH-A0HA","MTOR",10.820008111,0.326094135746,"BRCA","NT","RSEM",2475
"TCGA-BH-AB28","MTOR",10.1959593786,-0.84735801614,"BRCA","TP","RSEM",2475
"TCGA-A8-A0A4","MTOR",11.0257105737,0.83820460188,"BRCA","TP","RSEM",2475
"TCGA-D8-A27V","MTOR",10.8642588968,0.430180408544,"BRCA","TP","RSEM",2475
"TCGA-D8-A1JD","MTOR",10.9397493306,0.61528609584,"BRCA","TP","RSEM",2475
"TCGA-OL-A5D7","MTOR",11.0157505271,0.811690266243,"BRCA","TP","RSEM",2475
"TCGA-GI-A2C8","MTOR",10.4946267147,-0.348640583554,"BRCA","TP","RSEM",2475
"TCGA-GI-A2C8","MTOR",11.6092226556,2.75930922339,"BRCA","NT","RSEM",2475
"TCGA-LD-A66U","MTOR",9.74869535676,-1.42534690903,"BRCA","TP","RSEM",2475
"TCGA-AR-A250","MTOR",10.4071528115,-0.505541100081,"BRCA","TP","RSEM",2475
"TCGA-GM-A3NY","MTOR",10.1116736456,-0.970403935493,"BRCA","TP","RSEM",2475
"TCGA-AR-A255","MTOR",10.8412300126,0.375613774188,"BRCA","TP","RSEM",2475
"TCGA-OL-A5D8","MTOR",10.8882623465,0.487990998922,"BRCA","TP","RSEM",2475
"TCGA-AR-A256","MTOR",10.943739909,0.625343302253,"BRCA","TP","RSEM",2475
"TCGA-XX-A89A","MTOR",10.1605574626,-0.89991698018,"BRCA","TP","RSEM",2475
"TCGA-E9-A1RE","MTOR",10.655696628,-0.0336272954661,"BRCA","TP","RSEM",2475
"TCGA-E2-A1BD","MTOR",10.2706215606,-0.732191939362,"BRCA","TP","RSEM",2475
"TCGA-A2-A0YC","MTOR",11.0791111281,0.983524737019,"BRCA","TP","RSEM",2475
"TCGA-S3-A6ZH","MTOR",10.9828351119,0.725357854763,"BRCA","TP","RSEM",2475
"TCGA-LL-A8F5","MTOR",9.35138186414,-1.80817253851,"BRCA","TP","RSEM",2475
"TCGA-AN-A0XR","MTOR",10.5584792618,-0.227950964129,"BRCA","TP","RSEM",2475
"TCGA-E2-A1LE","MTOR",10.408502875,-0.503191085099,"BRCA","TP","RSEM",2475
"TCGA-A2-A0YK","MTOR",10.8738321883,0.453121752787,"BRCA","TP","RSEM",2475
"TCGA-D8-A27P","MTOR",11.0318904256,0.854748056676,"BRCA","TP","RSEM",2475
"TCGA-A8-A0AD","MTOR",10.8008012369,0.281900064176,"BRCA","TP","RSEM",2475
"TCGA-B6-A3ZX","MTOR",10.8216010873,0.329785986546,"BRCA","TP","RSEM",2475
"TCGA-AR-A2LQ","MTOR",10.7493535005,0.166379627395,"BRCA","TP","RSEM",2475
"TCGA-3C-AALJ","MTOR",10.1872421965,-0.860419796101,"BRCA","TP","RSEM",2475
"TCGA-A2-A0YL","MTOR",11.0185322943,0.819077110315,"BRCA","TP","RSEM",2475
"TCGA-E2-A1B5","MTOR",10.2789421207,-0.718984496552,"BRCA","TP","RSEM",2475
"TCGA-A2-A0YM","MTOR",11.30661792,1.66661843355,"BRCA","TP","RSEM",2475
"TCGA-E2-A1B0","MTOR",11.5101813359,2.37616102834,"BRCA","TP","RSEM",2475
"TCGA-W8-A86G","MTOR",10.312826925,-0.6644045529,"BRCA","TP","RSEM",2475
"TCGA-BH-A8FY","MTOR",10.0671726889,-1.03252710744,"BRCA","TP","RSEM",2475
"TCGA-OL-A5S0","MTOR",9.63081660981,-1.55011730646,"BRCA","TP","RSEM",2475
"TCGA-UL-AAZ6","MTOR",10.4664300288,-0.400259208869,"BRCA","TP","RSEM",2475
"TCGA-A2-A0YT","MTOR",11.5405618477,2.49090601378,"BRCA","TP","RSEM",2475
"TCGA-E2-A1IJ","MTOR",10.37315716,-0.56399719131,"BRCA","TP","RSEM",2475
"TCGA-E9-A1NA","MTOR",10.5519359415,-0.240565773569,"BRCA","TP","RSEM",2475
"TCGA-E9-A1NA","MTOR",11.0350728973,0.863295212559,"BRCA","NT","RSEM",2475
"TCGA-E9-A243","MTOR",10.5753384279,-0.195183477637,"BRCA","TP","RSEM",2475
"TCGA-E9-A229","MTOR",10.8717757434,0.448180861538,"BRCA","TP","RSEM",2475
"TCGA-E2-A1IL","MTOR",11.0643824501,0.942904581099,"BRCA","TP","RSEM",2475
"TCGA-BH-A1F0","MTOR",10.4982429877,-0.341947116827,"BRCA","TP","RSEM",2475
"TCGA-BH-A1F0","MTOR",10.4705679784,-0.392747035593,"BRCA","NT","RSEM",2475
"TCGA-BH-A1FJ","MTOR",10.8814407102,0.471463626191,"BRCA","TP","RSEM",2475
"TCGA-BH-A1FJ","MTOR",10.349368374,-0.604090890637,"BRCA","NT","RSEM",2475
"TCGA-A7-A3RF","MTOR",10.3901160636,-0.535008250893,"BRCA","TP","RSEM",2475
"TCGA-E2-A1IF","MTOR",9.92560858628,-1.21787550454,"BRCA","TP","RSEM",2475
"TCGA-AN-A0XO","MTOR",10.991896643,0.748928802643,"BRCA","TP","RSEM",2475
"TCGA-AO-A12A","MTOR",10.4622786426,-0.407774154914,"BRCA","TP","RSEM",2475
"TCGA-AN-A0XN","MTOR",10.7918562251,0.261517986622,"BRCA","TP","RSEM",2475
"TCGA-AO-A12B","MTOR",10.4517993023,-0.426648215303,"BRCA","TP","RSEM",2475
"TCGA-BH-A0W5","MTOR",10.7906804169,0.258848178836,"BRCA","TP","RSEM",2475
"TCGA-AO-A12E","MTOR",10.7903796964,0.258165707718,"BRCA","TP","RSEM",2475
"TCGA-E2-A150","MTOR",11.3959948246,1.96586316362,"BRCA","TP","RSEM",2475
"TCGA-E2-A1LK","MTOR",10.2769740653,-0.72211532356,"BRCA","TP","RSEM",2475
"TCGA-AO-A1KO","MTOR",11.0359667427,0.86569920413,"BRCA","TP","RSEM",2475
"TCGA-A2-A0CL","MTOR",10.9657842847,0.681404459626,"BRCA","TP","RSEM",2475
"TCGA-A2-A0CK","MTOR",9.93871818856,-1.2014651427,"BRCA","TP","RSEM",2475
"TCGA-BH-A1FM","MTOR",9.76720653452,-1.40481066547,"BRCA","TP","RSEM",2475
"TCGA-BH-A1FM","MTOR",10.9313491707,0.59420638936,"BRCA","NT","RSEM",2475
"TCGA-A2-A0CY","MTOR",9.77882128935,-1.39179010735,"BRCA","TP","RSEM",2475
"TCGA-AN-A0XT","MTOR",9.89499036114,-1.25562695264,"BRCA","TP","RSEM",2475
"TCGA-A2-A0CZ","MTOR",10.7794066553,0.233359952942,"BRCA","TP","RSEM",2475
"TCGA-BH-A1FL","MTOR",10.8791954924,0.466041012371,"BRCA","TP","RSEM",2475
"TCGA-A2-A0CU","MTOR",10.8671926234,0.437194592331,"BRCA","TP","RSEM",2475
"TCGA-PE-A5DE","MTOR",10.2506524152,-0.763580434918,"BRCA","TP","RSEM",2475
"TCGA-A2-A0CS","MTOR",9.94229251262,-1.19696493703,"BRCA","TP","RSEM",2475
"TCGA-A8-A07B","MTOR",10.6363672324,-0.0733139521606,"BRCA","TP","RSEM",2475
"TCGA-C8-A12X","MTOR",11.0307266496,0.851627211641,"BRCA","TP","RSEM",2475
"TCGA-AO-A03T","MTOR",10.1876201718,-0.859855075282,"BRCA","TP","RSEM",2475
"TCGA-C8-A12Q","MTOR",10.9498690866,0.64084456524,"BRCA","TP","RSEM",2475
"TCGA-A8-A07F","MTOR",10.6840749718,0.0256103471944,"BRCA","TP","RSEM",2475
"TCGA-C8-A12V","MTOR",11.2115547696,1.36803787431,"BRCA","TP","RSEM",2475
"TCGA-BH-A0B8","MTOR",10.4751528928,-0.38439822519,"BRCA","TP","RSEM",2475
"TCGA-BH-A0B8","MTOR",10.954207436,0.651856528782,"BRCA","NT","RSEM",2475
"TCGA-C8-A12W","MTOR",11.058329282,0.926330440981,"BRCA","TP","RSEM",2475
"TCGA-A8-A07E","MTOR",11.0215328892,0.82706102419,"BRCA","TP","RSEM",2475
"TCGA-C8-A12U","MTOR",11.0631967982,0.939652676469,"BRCA","TP","RSEM",2475
"TCGA-BH-A18H","MTOR",10.6116701759,-0.12325375768,"BRCA","TP","RSEM",2475
"TCGA-C8-A12K","MTOR",11.2011504112,1.33653772855,"BRCA","TP","RSEM",2475
"TCGA-AO-A03L","MTOR",10.2728741011,-0.728623938955,"BRCA","TP","RSEM",2475
"TCGA-AO-A125","MTOR",10.0723653732,-1.02537650337,"BRCA","TP","RSEM",2475
"TCGA-A7-A26H","MTOR",10.7734620045,0.220000007782,"BRCA","TP","RSEM",2475
"TCGA-A7-A6VX","MTOR",10.4390561492,-0.449415614443,"BRCA","TP","RSEM",2475
"TCGA-BH-A18N","MTOR",10.6225342544,-0.101390836106,"BRCA","TP","RSEM",2475
"TCGA-BH-A18N","MTOR",10.9388172643,0.612941071844,"BRCA","NT","RSEM",2475
"TCGA-A7-A6VY","MTOR",10.966781996,0.683962062654,"BRCA","TP","RSEM",2475
"TCGA-A7-A26I","MTOR",11.3229566064,1.71994674883,"BRCA","TP","RSEM",2475
"TCGA-BH-A0E2","MTOR",9.67784963688,-1.5015533494,"BRCA","TP","RSEM",2475
"TCGA-AO-A0JD","MTOR",11.0627392476,0.938398460182,"BRCA","TP","RSEM",2475
"TCGA-D8-A1XO","MTOR",10.8941474818,0.502312355858,"BRCA","TP","RSEM",2475
"TCGA-BH-A0BV","MTOR",10.8634184638,0.428173662485,"BRCA","TP","RSEM",2475
"TCGA-BH-A0BV","MTOR",10.8163698675,0.317677484904,"BRCA","NT","RSEM",2475
"TCGA-D8-A1XM","MTOR",11.3307408429,1.74556714343,"BRCA","TP","RSEM",2475
"TCGA-BH-A0BT","MTOR",9.81011465539,-1.3561829347,"BRCA","TP","RSEM",2475
"TCGA-BH-A0BT","MTOR",10.796640904,0.27240462096,"BRCA","NT","RSEM",2475
"TCGA-D8-A1XG","MTOR",10.2634712105,-0.743481179902,"BRCA","TP","RSEM",2475
"TCGA-AN-A0XV","MTOR",10.5544309523,-0.235762411711,"BRCA","TP","RSEM",2475
"TCGA-A7-A13H","MTOR",10.7908239131,0.259173886882,"BRCA","TP","RSEM",2475
"TCGA-D8-A1XD","MTOR",11.5382325421,2.48202261333,"BRCA","TP","RSEM",2475
"TCGA-AC-A5XU","MTOR",10.1859313215,-0.862377186854,"BRCA","TP","RSEM",2475
"TCGA-PE-A5DC","MTOR",9.67312636385,-1.50650218926,"BRCA","TP","RSEM",2475
"TCGA-E2-A1LG","MTOR",10.3182263311,-0.65558843833,"BRCA","TP","RSEM",2475
"TCGA-PE-A5DD","MTOR",10.33511061,-0.627806022556,"BRCA","TP","RSEM",2475
"TCGA-E2-A1LL","MTOR",11.0392655647,0.874584268247,"BRCA","TP","RSEM",2475
"TCGA-E9-A5UP","MTOR",10.1641076936,-0.894704172622,"BRCA","TP","RSEM",2475
"TCGA-E2-A1LS","MTOR",10.1644639966,-0.894180303947,"BRCA","TP","RSEM",2475
"TCGA-E2-A1LS","MTOR",10.9320357699,0.595924767341,"BRCA","NT","RSEM",2475
"TCGA-A7-A0D9","MTOR",11.2549128662,1.50178206449,"BRCA","TP","RSEM",2475
"TCGA-A7-A0D9","MTOR",10.8697336337,0.443281376987,"BRCA","NT","RSEM",2475
"TCGA-D8-A1XV","MTOR",10.4830307457,-0.369991097235,"BRCA","TP","RSEM",2475
"TCGA-AC-A3YJ","MTOR",9.91807445769,-1.22723933361,"BRCA","TP","RSEM",2475
"TCGA-D8-A1XT","MTOR",10.3254781633,-0.643695658192,"BRCA","TP","RSEM",2475
"TCGA-AC-A3YI","MTOR",10.4226739974,-0.47839069101,"BRCA","TP","RSEM",2475
"TCGA-AC-A62V","MTOR",9.33183462408,-1.82442207969,"BRCA","TP","RSEM",2475
"TCGA-E2-A108","MTOR",10.5994424953,-0.147664670012,"BRCA","TP","RSEM",2475
"TCGA-E9-A248","MTOR",11.1836325904,1.28401148319,"BRCA","TP","RSEM",2475
"TCGA-E9-A1NI","MTOR",10.5054121281,-0.328627838961,"BRCA","TP","RSEM",2475
"TCGA-AC-A62Y","MTOR",9.8443007488,-1.31639128245,"BRCA","TP","RSEM",2475
"TCGA-C8-A1HG","MTOR",11.0589598035,0.928053625097,"BRCA","TP","RSEM",2475
"TCGA-A2-A0T3","MTOR",11.2166691145,1.38360549892,"BRCA","TP","RSEM",2475
"TCGA-A2-A0T2","MTOR",10.8384396346,0.369060979325,"BRCA","TP","RSEM",2475
"TCGA-C8-A12L","MTOR",10.6160432606,-0.114473134565,"BRCA","TP","RSEM",2475
"TCGA-EW-A1PG","MTOR",11.0758558189,0.974511201226,"BRCA","TP","RSEM",2475
"TCGA-BH-A1F8","MTOR",10.8735651523,0.452479764112,"BRCA","TP","RSEM",2475
"TCGA-BH-A1F8","MTOR",10.4133536428,-0.494729330531,"BRCA","NT","RSEM",2475
"TCGA-AR-A5QP","MTOR",10.1768939425,-0.875823457585,"BRCA","TP","RSEM",2475
"TCGA-A8-A08P","MTOR",10.378209007,-0.555397352798,"BRCA","TP","RSEM",2475
"TCGA-A2-A04Y","MTOR",10.516393328,-0.308097510639,"BRCA","TP","RSEM",2475
"TCGA-A8-A08Z","MTOR",11.03810059,0.871444198673,"BRCA","TP","RSEM",2475
"TCGA-E9-A244","MTOR",10.2777806919,-0.720832640168,"BRCA","TP","RSEM",2475
"TCGA-BH-A1FE","MTOR",11.1602496793,1.21488558824,"BRCA","TP","RSEM",2475
"TCGA-BH-A1FE","MTOR",10.6375034724,-0.0709957316077,"BRCA","TM","RSEM",2475
"TCGA-BH-A1FE","MTOR",10.5923029485,-0.161822433519,"BRCA","NT","RSEM",2475
"TCGA-A2-A04R","MTOR",9.9912942281,-1.13413249052,"BRCA","TP","RSEM",2475
"TCGA-C8-A12M","MTOR",10.7901481674,0.257640360233,"BRCA","TP","RSEM",2475
"TCGA-A2-A04U","MTOR",10.181388089,-0.869147366883,"BRCA","TP","RSEM",2475
"TCGA-A2-A04V","MTOR",10.4127925318,-0.495709597144,"BRCA","TP","RSEM",2475
"TCGA-AO-A0JE","MTOR",10.2687424549,-0.735164163927,"BRCA","TP","RSEM",2475
"TCGA-A2-A4RY","MTOR",10.7908807538,0.259302913112,"BRCA","TP","RSEM",2475
"TCGA-E9-A5FK","MTOR",9.76608228312,-1.40606543631,"BRCA","TP","RSEM",2475
"TCGA-BH-A6R9","MTOR",10.2438174581,-0.774224544309,"BRCA","TP","RSEM",2475
"TCGA-BH-A0DD","MTOR",10.7814860258,0.238046119056,"BRCA","TP","RSEM",2475
"TCGA-BH-A0DD","MTOR",11.0531735296,0.912268245613,"BRCA","NT","RSEM",2475
"TCGA-A8-A08I","MTOR",11.916492394,4.13006891414,"BRCA","TP","RSEM",2475
"TCGA-D8-A27L","MTOR",11.1259096748,1.11537715867,"BRCA","TP","RSEM",2475
"TCGA-D8-A1X8","MTOR",10.2702725469,-0.732744275142,"BRCA","TP","RSEM",2475
"TCGA-D8-A13Z","MTOR",11.0800928676,0.986247042584,"BRCA","TP","RSEM",2475
"TCGA-A7-A3J1","MTOR",10.9831493118,0.726172679434,"BRCA","TP","RSEM",2475
"TCGA-BH-A0H9","MTOR",10.6327440664,-0.0806939567339,"BRCA","TP","RSEM",2475
"TCGA-BH-A0H9","MTOR",9.90216464958,-1.24685298417,"BRCA","NT","RSEM",2475
"TCGA-D8-A27I","MTOR",10.6045351605,-0.13752298654,"BRCA","TP","RSEM",2475
"TCGA-BH-A0AW","MTOR",10.5731606219,-0.19943783104,"BRCA","TP","RSEM",2475
"TCGA-D8-A1X5","MTOR",10.472878347,-0.388543331455,"BRCA","TP","RSEM",2475
"TCGA-BH-A0H0","MTOR",11.1533000131,1.19455563876,"BRCA","TP","RSEM",2475
"TCGA-D8-A1JP","MTOR",10.6029172475,-0.140748827133,"BRCA","TP","RSEM",2475
"TCGA-E2-A1L8","MTOR",10.1798416798,-0.871446917452,"BRCA","TP","RSEM",2475
"TCGA-D8-A1JA","MTOR",10.3697403001,-0.569796716996,"BRCA","TP","RSEM",2475
"TCGA-D8-A1JC","MTOR",10.7703466633,0.213020576045,"BRCA","TP","RSEM",2475
"TCGA-B6-A1KI","MTOR",10.4044395213,-0.510257396962,"BRCA","TP","RSEM",2475
"TCGA-B6-A1KN","MTOR",10.7144757294,0.0903757840828,"BRCA","TP","RSEM",2475
"TCGA-D8-A1JF","MTOR",11.0881053472,1.00853456767,"BRCA","TP","RSEM",2475
"TCGA-D8-A1JI","MTOR",10.3224352032,-0.6486932988,"BRCA","TP","RSEM",2475
"TCGA-D8-A1JJ","MTOR",10.7652215262,0.201571254252,"BRCA","TP","RSEM",2475
"TCGA-D8-A1JL","MTOR",11.3424024604,1.78420883554,"BRCA","TP","RSEM",2475
"TCGA-E9-A249","MTOR",10.4565144889,-0.418172781737,"BRCA","TP","RSEM",2475
"TCGA-E2-A15D","MTOR",10.7222243596,0.107102796252,"BRCA","TP","RSEM",2475
"TCGA-OL-A5RW","MTOR",10.0142349053,-1.10397528968,"BRCA","TP","RSEM",2475
"TCGA-OL-A5RU","MTOR",10.5058072873,-0.327891760957,"BRCA","TP","RSEM",2475
"TCGA-E9-A1R2","MTOR",11.1802866287,1.27405113888,"BRCA","TP","RSEM",2475
"TCGA-OL-A5RY","MTOR",10.204471497,-0.834527115493,"BRCA","TP","RSEM",2475
"TCGA-AN-A03X","MTOR",8.99696291926,-2.0711736528,"BRCA","TP","RSEM",2475
"TCGA-A7-A4SA","MTOR",10.0688572614,-1.03021018085,"BRCA","TP","RSEM",2475
"TCGA-EW-A1IX","MTOR",11.1369299948,1.14705346775,"BRCA","TP","RSEM",2475
"TCGA-A7-A2KD","MTOR",10.4131855334,-0.495023059298,"BRCA","TP","RSEM",2475
"TCGA-C8-A26W","MTOR",10.0526564845,-1.05238069504,"BRCA","TP","RSEM",2475
"TCGA-C8-A26X","MTOR",10.3889170741,-0.537068973541,"BRCA","TP","RSEM",2475
"TCGA-PL-A8LZ","MTOR",10.5277178261,-0.286761045658,"BRCA","TP","RSEM",2475
"TCGA-LD-A7W5","MTOR",10.7605959618,0.191272816851,"BRCA","TP","RSEM",2475
"TCGA-E2-A15T","MTOR",11.1834979281,1.28361017095,"BRCA","TP","RSEM",2475
"TCGA-AC-A3QQ","MTOR",8.91675070658,-2.12225084856,"BRCA","TP","RSEM",2475
"TCGA-LD-A9QF","MTOR",10.1523257899,-0.91195431406,"BRCA","TP","RSEM",2475
"TCGA-C8-A12O","MTOR",11.1676263807,1.23657216164,"BRCA","TP","RSEM",2475
"TCGA-B6-A0RG","MTOR",9.93694013724,-1.2036996256,"BRCA","TP","RSEM",2475
"TCGA-E9-A1RA","MTOR",10.7970050313,0.273234603441,"BRCA","TP","RSEM",2475
"TCGA-AR-A0TY","MTOR",9.70934113054,-1.46814054691,"BRCA","TP","RSEM",2475
"TCGA-AO-A129","MTOR",10.1189009829,-0.960132486386,"BRCA","TP","RSEM",2475
"TCGA-B6-A0RT","MTOR",10.8805270484,0.469255946735,"BRCA","TP","RSEM",2475
"TCGA-AO-A128","MTOR",11.9978229036,4.54447121783,"BRCA","TP","RSEM",2475
"TCGA-AR-A0TS","MTOR",11.5195487352,2.41128370565,"BRCA","TP","RSEM",2475
"TCGA-AR-A0TR","MTOR",11.1413155922,1.15972669021,"BRCA","TP","RSEM",2475
"TCGA-AR-A0TT","MTOR",11.025148631,0.836703793917,"BRCA","TP","RSEM",2475
"TCGA-B6-A0RP","MTOR",10.2059598643,-0.832275811122,"BRCA","TP","RSEM",2475
"TCGA-E2-A1IE","MTOR",10.8927056703,0.498798332039,"BRCA","TP","RSEM",2475
"TCGA-D8-A73W","MTOR",9.79299147686,-1.37576220292,"BRCA","TP","RSEM",2475
"TCGA-GM-A2DH","MTOR",11.2763064177,1.56926925239,"BRCA","TP","RSEM",2475
"TCGA-GM-A2DI","MTOR",10.9828041016,0.725277444434,"BRCA","TP","RSEM",2475
"TCGA-E9-A3X8","MTOR",9.24217899029,-1.89619541542,"BRCA","TP","RSEM",2475
"TCGA-GM-A2DN","MTOR",10.4853007267,-0.365825102769,"BRCA","TP","RSEM",2475
"TCGA-GM-A2DB","MTOR",10.704685081,0.0693687241758,"BRCA","TP","RSEM",2475
"TCGA-A1-A0SG","MTOR",11.2656529006,1.5355370268,"BRCA","TP","RSEM",2475
"TCGA-A1-A0SF","MTOR",10.6654052075,-0.0134923641428,"BRCA","TP","RSEM",2475
"TCGA-A1-A0SO","MTOR",10.9202732742,0.566599027797,"BRCA","TP","RSEM",2475
"TCGA-A1-A0SN","MTOR",10.6542869472,-0.0365396281996,"BRCA","TP","RSEM",2475
"TCGA-A1-A0SI","MTOR",10.9731952411,0.700444516511,"BRCA","TP","RSEM",2475
"TCGA-A1-A0SH","MTOR",10.2884871872,-0.703739252659,"BRCA","TP","RSEM",2475
"TCGA-JL-A3YW","MTOR",10.0387450874,-1.07122055793,"BRCA","TP","RSEM",2475
"TCGA-C8-A131","MTOR",9.96091621825,-1.17333576098,"BRCA","TP","RSEM",2475
"TCGA-C8-A133","MTOR",10.674531447,0.00555878382176,"BRCA","TP","RSEM",2475
"TCGA-AN-A0FX","MTOR",10.9442251517,0.626568127178,"BRCA","TP","RSEM",2475
"TCGA-GM-A3XL","MTOR",9.96778045858,-1.16454940747,"BRCA","TP","RSEM",2475
"TCGA-E9-A1RD","MTOR",10.9381465329,0.611254488292,"BRCA","TP","RSEM",2475
"TCGA-E9-A1RD","MTOR",10.6721109558,0.000494227031353,"BRCA","NT","RSEM",2475
"TCGA-C8-A3M7","MTOR",10.1478592054,-0.918457199063,"BRCA","TP","RSEM",2475
"TCGA-LL-A50Y","MTOR",9.7280135122,-1.44798176977,"BRCA","TP","RSEM",2475
"TCGA-AC-A3HN","MTOR",10.7549753302,0.178803300558,"BRCA","TP","RSEM",2475
"TCGA-BH-A0C1","MTOR",10.6082173909,-0.130167752045,"BRCA","TP","RSEM",2475
"TCGA-BH-A0B0","MTOR",10.6890988014,0.0362191499814,"BRCA","TP","RSEM",2475
"TCGA-AO-A0J9","MTOR",9.88425433039,-1.26867560816,"BRCA","TP","RSEM",2475
"TCGA-A2-A4S2","MTOR",10.5839297965,-0.17833742121,"BRCA","TP","RSEM",2475
"TCGA-A2-A4S3","MTOR",10.129920367,-0.944372431534,"BRCA","TP","RSEM",2475
"TCGA-BH-A1EX","MTOR",10.9619474613,0.671585341729,"BRCA","TP","RSEM",2475
"TCGA-BH-A1EY","MTOR",10.8467978413,0.388726942819,"BRCA","TP","RSEM",2475
"TCGA-B6-A0WV","MTOR",10.89563829,0.505949490664,"BRCA","TP","RSEM",2475
"TCGA-B6-A0WT","MTOR",11.3226143952,1.71882359214,"BRCA","TP","RSEM",2475
"TCGA-B6-A0WS","MTOR",11.3824888824,1.91944606993,"BRCA","TP","RSEM",2475
"TCGA-BH-A1ET","MTOR",10.7306018334,0.125288655132,"BRCA","TP","RSEM",2475
"TCGA-BH-A1ET","MTOR",10.8125142695,0.308781144855,"BRCA","NT","RSEM",2475
"TCGA-E9-A1N8","MTOR",11.4158836545,2.0350129044,"BRCA","TP","RSEM",2475
"TCGA-AR-A1AO","MTOR",10.7186119867,0.099293566886,"BRCA","TP","RSEM",2475
"TCGA-AR-A1AL","MTOR",10.7780485383,0.230302881615,"BRCA","TP","RSEM",2475
"TCGA-AR-A1AK","MTOR",10.919998987,0.565918035491,"BRCA","TP","RSEM",2475
"TCGA-AR-A1AH","MTOR",10.3755042128,-0.56000551165,"BRCA","TP","RSEM",2475
"TCGA-S3-AA0Z","MTOR",10.9228952808,0.573115406948,"BRCA","TP","RSEM",2475
"TCGA-AR-A1AY","MTOR",10.5750561562,-0.195735258863,"BRCA","TP","RSEM",2475
"TCGA-AR-A1AV","MTOR",11.1044509385,1.05438712539,"BRCA","TP","RSEM",2475
"TCGA-AR-A1AS","MTOR",10.6954562506,0.0496972151415,"BRCA","TP","RSEM",2475
"TCGA-AR-A1AP","MTOR",10.8663876699,0.435268626304,"BRCA","TP","RSEM",2475
"TCGA-OL-A6VR","MTOR",10.5132490194,-0.313992049909,"BRCA","TP","RSEM",2475
"TCGA-AO-A0JM","MTOR",10.484281052,-0.367697277058,"BRCA","TP","RSEM",2475
"TCGA-AO-A0JI","MTOR",9.98962213391,-1.13631188772,"BRCA","TP","RSEM",2475
"TCGA-AO-A0JC","MTOR",10.7771041326,0.228178754961,"BRCA","TP","RSEM",2475
"TCGA-A7-A4SD","MTOR",11.4996079423,2.33678954317,"BRCA","TP","RSEM",2475
"TCGA-AR-A2LE","MTOR",10.8145009165,0.313362130562,"BRCA","TP","RSEM",2475
"TCGA-E9-A1RF","MTOR",10.7195029656,0.101217869251,"BRCA","TP","RSEM",2475
"TCGA-E9-A1RF","MTOR",10.7767735966,0.227435652607,"BRCA","NT","RSEM",2475
"TCGA-S3-AA11","MTOR",11.0124489747,0.802941622408,"BRCA","TP","RSEM",2475
"TCGA-S3-AA17","MTOR",10.2926157791,-0.697113811222,"BRCA","TP","RSEM",2475
"TCGA-A2-A0YJ","MTOR",10.6180210197,-0.11049328539,"BRCA","TP","RSEM",2475
"TCGA-A7-A26F","MTOR",10.8682749983,0.439786023153,"BRCA","TP","RSEM",2475
"TCGA-E9-A1QZ","MTOR",10.5163803263,-0.308121911015,"BRCA","TP","RSEM",2475
"TCGA-A8-A07C","MTOR",11.7756584247,3.46548179355,"BRCA","TP","RSEM",2475
"TCGA-BH-A0B4","MTOR",9.93702093841,-1.20359814222,"BRCA","TP","RSEM",2475
"TCGA-BH-A0BR","MTOR",11.0919857799,1.01937295581,"BRCA","TP","RSEM",2475
"TCGA-AC-A3BB","MTOR",10.0515643359,-1.05386634519,"BRCA","TP","RSEM",2475
"TCGA-BH-A0BQ","MTOR",10.6511340516,-0.0430430677572,"BRCA","TP","RSEM",2475
"TCGA-BH-A0BQ","MTOR",11.1376221851,1.1490511561,"BRCA","NT","RSEM",2475
"TCGA-AC-A4ZE","MTOR",10.0004168279,-1.12219756427,"BRCA","TP","RSEM",2475
"TCGA-BH-A0BM","MTOR",10.1797506336,-0.871582228627,"BRCA","TP","RSEM",2475
"TCGA-BH-A0BM","MTOR",10.8585191071,0.416498452364,"BRCA","NT","RSEM",2475
"TCGA-A8-A076","MTOR",10.4065839687,-0.50653060926,"BRCA","TP","RSEM",2475
"TCGA-GM-A2DM","MTOR",10.8184684989,0.322529832365,"BRCA","TP","RSEM",2475
"TCGA-E2-A153","MTOR",10.3751941217,-0.560533262202,"BRCA","TP","RSEM",2475
"TCGA-E2-A153","MTOR",11.1322286446,1.13351051978,"BRCA","NT","RSEM",2475
"TCGA-AN-A0XL","MTOR",10.6596241143,-0.025498273296,"BRCA","TP","RSEM",2475
"TCGA-LL-A7T0","MTOR",10.2569572094,-0.753717137552,"BRCA","TP","RSEM",2475
"TCGA-EW-A6SA","MTOR",10.6721794794,0.000637486813548,"BRCA","TP","RSEM",2475
"TCGA-E2-A1LB","MTOR",10.1738223978,-0.880374312524,"BRCA","TP","RSEM",2475
"TCGA-E2-A1LB","MTOR",10.9410457718,0.618550385509,"BRCA","NT","RSEM",2475
"TCGA-E2-A109","MTOR",10.7577948406,0.185052384683,"BRCA","TP","RSEM",2475
"TCGA-A2-A0T0","MTOR",10.2051995578,-0.83342614096,"BRCA","TP","RSEM",2475
"TCGA-D8-A141","MTOR",10.7916793005,0.261116119826,"BRCA","TP","RSEM",2475
"TCGA-C8-A135","MTOR",10.5857760415,-0.174704168283,"BRCA","TP","RSEM",2475
"TCGA-AC-A7VC","MTOR",10.5475183677,-0.249050079999,"BRCA","TP","RSEM",2475
"TCGA-AC-A7VB","MTOR",11.154492137,1.19803601963,"BRCA","TP","RSEM",2475
"TCGA-AR-A5QQ","MTOR",10.208004704,-0.829178996759,"BRCA","TP","RSEM",2475
"TCGA-AR-A5QN","MTOR",9.985318545,-1.14190955575,"BRCA","TP","RSEM",2475
"TCGA-BH-A18R","MTOR",10.5079595102,-0.323879193097,"BRCA","TP","RSEM",2475
"TCGA-BH-A18R","MTOR",10.8565809173,0.411890663215,"BRCA","NT","RSEM",2475
"TCGA-A2-A04P","MTOR",10.0849406952,-1.00795260168,"BRCA","TP","RSEM",2475
"TCGA-A2-A04W","MTOR",9.92647242871,-1.21679874553,"BRCA","TP","RSEM",2475
"TCGA-EW-A6S9","MTOR",11.1214790591,1.10271003631,"BRCA","TP","RSEM",2475
"TCGA-E2-A10F","MTOR",10.4198578166,-0.48333860661,"BRCA","TP","RSEM",2475
"TCGA-BH-A0DK","MTOR",10.063067404,-1.03816211544,"BRCA","TP","RSEM",2475
"TCGA-BH-A0DK","MTOR",11.3607075803,1.84549777343,"BRCA","NT","RSEM",2475
"TCGA-A2-A4RW","MTOR",10.428071186,-0.468881014243,"BRCA","TP","RSEM",2475
"TCGA-E2-A10A","MTOR",10.0881327168,-1.00350563319,"BRCA","TP","RSEM",2475
"TCGA-B6-A40B","MTOR",9.3762124477,-1.78721095203,"BRCA","TP","RSEM",2475
"TCGA-B6-A40C","MTOR",10.5201415007,-0.301054120341,"BRCA","TP","RSEM",2475
"TCGA-BH-A18Q","MTOR",10.5127171583,-0.314987844034,"BRCA","TP","RSEM",2475
"TCGA-BH-A18Q","MTOR",10.8868371915,0.484531691098,"BRCA","NT","RSEM",2475
"TCGA-B6-A408","MTOR",10.6331902385,-0.0797861518431,"BRCA","TP","RSEM",2475
"TCGA-A2-A0SX","MTOR",10.8850380126,0.480169384517,"BRCA","TP","RSEM",2475
"TCGA-A7-A26G","MTOR",10.9589076907,0.663824543412,"BRCA","TP","RSEM",2475
"TCGA-A2-A0SW","MTOR",10.7568387462,0.182931955055,"BRCA","TP","RSEM",2475
"TCGA-BH-A18S","MTOR",10.2901862682,-0.70101491373,"BRCA","TP","RSEM",2475
"TCGA-BH-A18S","MTOR",10.6353618912,-0.0753635837283,"BRCA","NT","RSEM",2475
"TCGA-A7-A3J0","MTOR",10.598497061,-0.149543498949,"BRCA","TP","RSEM",2475
"TCGA-D8-A27K","MTOR",11.254927861,1.50182901673,"BRCA","TP","RSEM",2475
"TCGA-AN-A0XW","MTOR",10.7037036754,0.0672708464105,"BRCA","TP","RSEM",2475
"TCGA-BH-A18U","MTOR",10.7955103884,0.269829087354,"BRCA","TP","RSEM",2475
"TCGA-BH-A18U","MTOR",10.8950036196,0.504400621354,"BRCA","NT","RSEM",2475
"TCGA-D8-A27F","MTOR",11.0527930638,0.9112325236,"BRCA","TP","RSEM",2475
"TCGA-E9-A24A","MTOR",10.6654915493,-0.0133126886482,"BRCA","TP","RSEM",2475
"TCGA-BH-A6R8","MTOR",10.5133964881,-0.31371588202,"BRCA","TP","RSEM",2475
